"Label (Grouping)","Washington!!Total!!Estimate","Washington!!Percent!!Estimate","Washington!!Male!!Estimate","Washington!!Percent Male!!Estimate","Washington!!Female!!Estimate","Washington!!Percent Female!!Estimate","Adams County, Washington!!Total!!Estimate","Adams County, Washington!!Percent!!Estimate","Adams County, Washington!!Male!!Estimate","Adams County, Washington!!Percent Male!!Estimate","Adams County, Washington!!Female!!Estimate","Adams County, Washington!!Percent Female!!Estimate","Asotin County, Washington!!Total!!Estimate","Asotin County, Washington!!Percent!!Estimate","Asotin County, Washington!!Male!!Estimate","Asotin County, Washington!!Percent Male!!Estimate","Asotin County, Washington!!Female!!Estimate","Asotin County, Washington!!Percent Female!!Estimate","Benton County, Washington!!Total!!Estimate","Benton County, Washington!!Percent!!Estimate","Benton County, Washington!!Male!!Estimate","Benton County, Washington!!Percent Male!!Estimate","Benton County, Washington!!Female!!Estimate","Benton County, Washington!!Percent Female!!Estimate","Chelan County, Washington!!Total!!Estimate","Chelan County, Washington!!Percent!!Estimate","Chelan County, Washington!!Male!!Estimate","Chelan County, Washington!!Percent Male!!Estimate","Chelan County, Washington!!Female!!Estimate","Chelan County, Washington!!Percent Female!!Estimate","Clallam County, Washington!!Total!!Estimate","Clallam County, Washington!!Percent!!Estimate","Clallam County, Washington!!Male!!Estimate","Clallam County, Washington!!Percent Male!!Estimate","Clallam County, Washington!!Female!!Estimate","Clallam County, Washington!!Percent Female!!Estimate","Clark County, Washington!!Total!!Estimate","Clark County, Washington!!Percent!!Estimate","Clark County, Washington!!Male!!Estimate","Clark County, Washington!!Percent Male!!Estimate","Clark County, Washington!!Female!!Estimate","Clark County, Washington!!Percent Female!!Estimate","Columbia County, Washington!!Total!!Estimate","Columbia County, Washington!!Percent!!Estimate","Columbia County, Washington!!Male!!Estimate","Columbia County, Washington!!Percent Male!!Estimate","Columbia County, Washington!!Female!!Estimate","Columbia County, Washington!!Percent Female!!Estimate","Cowlitz County, Washington!!Total!!Estimate","Cowlitz County, Washington!!Percent!!Estimate","Cowlitz County, Washington!!Male!!Estimate","Cowlitz County, Washington!!Percent Male!!Estimate","Cowlitz County, Washington!!Female!!Estimate","Cowlitz County, Washington!!Percent Female!!Estimate","Douglas County, Washington!!Total!!Estimate","Douglas County, Washington!!Percent!!Estimate","Douglas County, Washington!!Male!!Estimate","Douglas County, Washington!!Percent Male!!Estimate","Douglas County, Washington!!Female!!Estimate","Douglas County, Washington!!Percent Female!!Estimate","Ferry County, Washington!!Total!!Estimate","Ferry County, Washington!!Percent!!Estimate","Ferry County, Washington!!Male!!Estimate","Ferry County, Washington!!Percent Male!!Estimate","Ferry County, Washington!!Female!!Estimate","Ferry County, Washington!!Percent Female!!Estimate","Franklin County, Washington!!Total!!Estimate","Franklin County, Washington!!Percent!!Estimate","Franklin County, Washington!!Male!!Estimate","Franklin County, Washington!!Percent Male!!Estimate","Franklin County, Washington!!Female!!Estimate","Franklin County, Washington!!Percent Female!!Estimate","Garfield County, Washington!!Total!!Estimate","Garfield County, Washington!!Percent!!Estimate","Garfield County, Washington!!Male!!Estimate","Garfield County, Washington!!Percent Male!!Estimate","Garfield County, Washington!!Female!!Estimate","Garfield County, Washington!!Percent Female!!Estimate","Grant County, Washington!!Total!!Estimate","Grant County, Washington!!Percent!!Estimate","Grant County, Washington!!Male!!Estimate","Grant County, Washington!!Percent Male!!Estimate","Grant County, Washington!!Female!!Estimate","Grant County, Washington!!Percent Female!!Estimate","Grays Harbor County, Washington!!Total!!Estimate","Grays Harbor County, Washington!!Percent!!Estimate","Grays Harbor County, Washington!!Male!!Estimate","Grays Harbor County, Washington!!Percent Male!!Estimate","Grays Harbor County, Washington!!Female!!Estimate","Grays Harbor County, Washington!!Percent Female!!Estimate","Island County, Washington!!Total!!Estimate","Island County, Washington!!Percent!!Estimate","Island County, Washington!!Male!!Estimate","Island County, Washington!!Percent Male!!Estimate","Island County, Washington!!Female!!Estimate","Island County, Washington!!Percent Female!!Estimate","Jefferson County, Washington!!Total!!Estimate","Jefferson County, Washington!!Percent!!Estimate","Jefferson County, Washington!!Male!!Estimate","Jefferson County, Washington!!Percent Male!!Estimate","Jefferson County, Washington!!Female!!Estimate","Jefferson County, Washington!!Percent Female!!Estimate","King County, Washington!!Total!!Estimate","King County, Washington!!Percent!!Estimate","King County, Washington!!Male!!Estimate","King County, Washington!!Percent Male!!Estimate","King County, Washington!!Female!!Estimate","King County, Washington!!Percent Female!!Estimate","Kitsap County, Washington!!Total!!Estimate","Kitsap County, Washington!!Percent!!Estimate","Kitsap County, Washington!!Male!!Estimate","Kitsap County, Washington!!Percent Male!!Estimate","Kitsap County, Washington!!Female!!Estimate","Kitsap County, Washington!!Percent Female!!Estimate","Kittitas County, Washington!!Total!!Estimate","Kittitas County, Washington!!Percent!!Estimate","Kittitas County, Washington!!Male!!Estimate","Kittitas County, Washington!!Percent Male!!Estimate","Kittitas County, Washington!!Female!!Estimate","Kittitas County, Washington!!Percent Female!!Estimate","Klickitat County, Washington!!Total!!Estimate","Klickitat County, Washington!!Percent!!Estimate","Klickitat County, Washington!!Male!!Estimate","Klickitat County, Washington!!Percent Male!!Estimate","Klickitat County, Washington!!Female!!Estimate","Klickitat County, Washington!!Percent Female!!Estimate","Lewis County, Washington!!Total!!Estimate","Lewis County, Washington!!Percent!!Estimate","Lewis County, Washington!!Male!!Estimate","Lewis County, Washington!!Percent Male!!Estimate","Lewis County, Washington!!Female!!Estimate","Lewis County, Washington!!Percent Female!!Estimate","Lincoln County, Washington!!Total!!Estimate","Lincoln County, Washington!!Percent!!Estimate","Lincoln County, Washington!!Male!!Estimate","Lincoln County, Washington!!Percent Male!!Estimate","Lincoln County, Washington!!Female!!Estimate","Lincoln County, Washington!!Percent Female!!Estimate","Mason County, Washington!!Total!!Estimate","Mason County, Washington!!Percent!!Estimate","Mason County, Washington!!Male!!Estimate","Mason County, Washington!!Percent Male!!Estimate","Mason County, Washington!!Female!!Estimate","Mason County, Washington!!Percent Female!!Estimate","Okanogan County, Washington!!Total!!Estimate","Okanogan County, Washington!!Percent!!Estimate","Okanogan County, Washington!!Male!!Estimate","Okanogan County, Washington!!Percent Male!!Estimate","Okanogan County, Washington!!Female!!Estimate","Okanogan County, Washington!!Percent Female!!Estimate","Pacific County, Washington!!Total!!Estimate","Pacific County, Washington!!Percent!!Estimate","Pacific County, Washington!!Male!!Estimate","Pacific County, Washington!!Percent Male!!Estimate","Pacific County, Washington!!Female!!Estimate","Pacific County, Washington!!Percent Female!!Estimate","Pend Oreille County, Washington!!Total!!Estimate","Pend Oreille County, Washington!!Percent!!Estimate","Pend Oreille County, Washington!!Male!!Estimate","Pend Oreille County, Washington!!Percent Male!!Estimate","Pend Oreille County, Washington!!Female!!Estimate","Pend Oreille County, Washington!!Percent Female!!Estimate","Pierce County, Washington!!Total!!Estimate","Pierce County, Washington!!Percent!!Estimate","Pierce County, Washington!!Male!!Estimate","Pierce County, Washington!!Percent Male!!Estimate","Pierce County, Washington!!Female!!Estimate","Pierce County, Washington!!Percent Female!!Estimate","San Juan County, Washington!!Total!!Estimate","San Juan County, Washington!!Percent!!Estimate","San Juan County, Washington!!Male!!Estimate","San Juan County, Washington!!Percent Male!!Estimate","San Juan County, Washington!!Female!!Estimate","San Juan County, Washington!!Percent Female!!Estimate","Skagit County, Washington!!Total!!Estimate","Skagit County, Washington!!Percent!!Estimate","Skagit County, Washington!!Male!!Estimate","Skagit County, Washington!!Percent Male!!Estimate","Skagit County, Washington!!Female!!Estimate","Skagit County, Washington!!Percent Female!!Estimate","Skamania County, Washington!!Total!!Estimate","Skamania County, Washington!!Percent!!Estimate","Skamania County, Washington!!Male!!Estimate","Skamania County, Washington!!Percent Male!!Estimate","Skamania County, Washington!!Female!!Estimate","Skamania County, Washington!!Percent Female!!Estimate","Snohomish County, Washington!!Total!!Estimate","Snohomish County, Washington!!Percent!!Estimate","Snohomish County, Washington!!Male!!Estimate","Snohomish County, Washington!!Percent Male!!Estimate","Snohomish County, Washington!!Female!!Estimate","Snohomish County, Washington!!Percent Female!!Estimate","Spokane County, Washington!!Total!!Estimate","Spokane County, Washington!!Percent!!Estimate","Spokane County, Washington!!Male!!Estimate","Spokane County, Washington!!Percent Male!!Estimate","Spokane County, Washington!!Female!!Estimate","Spokane County, Washington!!Percent Female!!Estimate","Stevens County, Washington!!Total!!Estimate","Stevens County, Washington!!Percent!!Estimate","Stevens County, Washington!!Male!!Estimate","Stevens County, Washington!!Percent Male!!Estimate","Stevens County, Washington!!Female!!Estimate","Stevens County, Washington!!Percent Female!!Estimate","Thurston County, Washington!!Total!!Estimate","Thurston County, Washington!!Percent!!Estimate","Thurston County, Washington!!Male!!Estimate","Thurston County, Washington!!Percent Male!!Estimate","Thurston County, Washington!!Female!!Estimate","Thurston County, Washington!!Percent Female!!Estimate","Wahkiakum County, Washington!!Total!!Estimate","Wahkiakum County, Washington!!Percent!!Estimate","Wahkiakum County, Washington!!Male!!Estimate","Wahkiakum County, Washington!!Percent Male!!Estimate","Wahkiakum County, Washington!!Female!!Estimate","Wahkiakum County, Washington!!Percent Female!!Estimate","Walla Walla County, Washington!!Total!!Estimate","Walla Walla County, Washington!!Percent!!Estimate","Walla Walla County, Washington!!Male!!Estimate","Walla Walla County, Washington!!Percent Male!!Estimate","Walla Walla County, Washington!!Female!!Estimate","Walla Walla County, Washington!!Percent Female!!Estimate","Whatcom County, Washington!!Total!!Estimate","Whatcom County, Washington!!Percent!!Estimate","Whatcom County, Washington!!Male!!Estimate","Whatcom County, Washington!!Percent Male!!Estimate","Whatcom County, Washington!!Female!!Estimate","Whatcom County, Washington!!Percent Female!!Estimate","Whitman County, Washington!!Total!!Estimate","Whitman County, Washington!!Percent!!Estimate","Whitman County, Washington!!Male!!Estimate","Whitman County, Washington!!Percent Male!!Estimate","Whitman County, Washington!!Female!!Estimate","Whitman County, Washington!!Percent Female!!Estimate","Yakima County, Washington!!Total!!Estimate","Yakima County, Washington!!Percent!!Estimate","Yakima County, Washington!!Male!!Estimate","Yakima County, Washington!!Percent Male!!Estimate","Yakima County, Washington!!Female!!Estimate","Yakima County, Washington!!Percent Female!!Estimate"
"Total population","7,512,465","(X)","3,759,007","(X)","3,753,458","(X)","19,702","(X)","10,087","(X)","9,615","(X)","22,636","(X)","11,024","(X)","11,612","(X)","200,715","(X)","100,412","(X)","100,303","(X)","76,653","(X)","38,549","(X)","38,104","(X)","76,482","(X)","37,628","(X)","38,854","(X)","481,950","(X)","238,203","(X)","243,747","(X)","4,024","(X)","1,974","(X)","2,050","(X)","108,399","(X)","53,852","(X)","54,547","(X)","42,520","(X)","21,436","(X)","21,084","(X)","7,643","(X)","3,851","(X)","3,792","(X)","93,681","(X)","48,239","(X)","45,442","(X)","2,258","(X)","1,161","(X)","1,097","(X)","96,648","(X)","49,031","(X)","47,617","(X)","73,769","(X)","37,880","(X)","35,889","(X)","84,187","(X)","41,989","(X)","42,198","(X)","31,825","(X)","15,557","(X)","16,268","(X)","2,225,064","(X)","1,117,507","(X)","1,107,557","(X)","268,945","(X)","137,586","(X)","131,359","(X)","47,097","(X)","23,547","(X)","23,550","(X)","22,055","(X)","11,173","(X)","10,882","(X)","79,430","(X)","39,763","(X)","39,667","(X)","10,732","(X)","5,385","(X)","5,347","(X)","65,326","(X)","33,940","(X)","31,386","(X)","42,080","(X)","21,269","(X)","20,811","(X)","22,121","(X)","10,994","(X)","11,127","(X)","13,588","(X)","6,926","(X)","6,662","(X)","891,862","(X)","444,979","(X)","446,883","(X)","16,953","(X)","8,213","(X)","8,740","(X)","127,442","(X)","63,066","(X)","64,376","(X)","11,906","(X)","5,905","(X)","6,001","(X)","811,572","(X)","406,760","(X)","404,812","(X)","513,402","(X)","254,791","(X)","258,611","(X)","45,233","(X)","22,523","(X)","22,710","(X)","284,698","(X)","139,329","(X)","145,369","(X)","4,318","(X)","2,099","(X)","2,219","(X)","60,785","(X)","31,126","(X)","29,659","(X)","224,538","(X)","110,853","(X)","113,685","(X)","49,577","(X)","25,255","(X)","24,322","(X)","250,649","(X)","125,145","(X)","125,504","(X)"
"    AGE","","","","","","","","","","","","","","","","","","","","","","","","","","","","","","","","","","","","","","","","","","","","","","","","","","","","","","","","","","","","","","","","","","","","","","","","","","","","","","","","","","","","","","","","","","","","","","","","","","","","","","","","","","","","","","","","","","","","","","","","","","","","","","","","","","","","","","","","","","","","","","","","","","","","","","","","","","","","","","","","","","","","","","","","","","","","","","","","","","","","","","","","","","","","","","","","","","","","","","","","","","","","","","","","","","","","","","","","","","","","","","","","","","","","","","","","","","","","","","","",""
"        Under 5 years","454,612","6.1%","233,162","6.2%","221,450","5.9%","1,862","9.5%","935","9.3%","927","9.6%","1,211","5.3%","667","6.1%","544","4.7%","13,968","7.0%","7,156","7.1%","6,812","6.8%","4,609","6.0%","2,385","6.2%","2,224","5.8%","3,471","4.5%","1,863","5.0%","1,608","4.1%","29,252","6.1%","15,174","6.4%","14,078","5.8%","170","4.2%","75","3.8%","95","4.6%","6,552","6.0%","3,426","6.4%","3,126","5.7%","2,729","6.4%","1,424","6.6%","1,305","6.2%","305","4.0%","177","4.6%","128","3.4%","8,374","8.9%","4,277","8.9%","4,097","9.0%","90","4.0%","55","4.7%","35","3.2%","7,458","7.7%","3,723","7.6%","3,735","7.8%","3,874","5.3%","1,868","4.9%","2,006","5.6%","4,657","5.5%","2,326","5.5%","2,331","5.5%","921","2.9%","392","2.5%","529","3.3%","127,885","5.7%","65,477","5.9%","62,408","5.6%","15,354","5.7%","7,944","5.8%","7,410","5.6%","2,151","4.6%","1,157","4.9%","994","4.2%","1,010","4.6%","461","4.1%","549","5.0%","4,701","5.9%","2,441","6.1%","2,260","5.7%","556","5.2%","273","5.1%","283","5.3%","3,451","5.3%","1,723","5.1%","1,728","5.5%","2,535","6.0%","1,326","6.2%","1,209","5.8%","906","4.1%","520","4.7%","386","3.5%","600","4.4%","293","4.2%","307","4.6%","58,992","6.6%","30,285","6.8%","28,707","6.4%","480","2.8%","233","2.8%","247","2.8%","7,571","5.9%","3,903","6.2%","3,668","5.7%","487","4.1%","242","4.1%","245","4.1%","51,382","6.3%","26,288","6.5%","25,094","6.2%","30,826","6.0%","15,775","6.2%","15,051","5.8%","2,431","5.4%","1,289","5.7%","1,142","5.0%","16,482","5.8%","8,600","6.2%","7,882","5.4%","170","3.9%","86","4.1%","84","3.8%","3,281","5.4%","1,644","5.3%","1,637","5.5%","11,757","5.2%","6,018","5.4%","5,739","5.0%","1,959","4.0%","997","3.9%","962","4.0%","20,142","8.0%","10,264","8.2%","9,878","7.9%"
"        5 to 9 years","466,264","6.2%","238,529","6.3%","227,735","6.1%","1,975","10.0%","1,040","10.3%","935","9.7%","1,040","4.6%","472","4.3%","568","4.9%","16,094","8.0%","8,227","8.2%","7,867","7.8%","5,790","7.6%","3,101","8.0%","2,689","7.1%","3,808","5.0%","1,839","4.9%","1,969","5.1%","32,994","6.8%","16,373","6.9%","16,621","6.8%","193","4.8%","103","5.2%","90","4.4%","6,381","5.9%","3,167","5.9%","3,214","5.9%","3,382","8.0%","1,672","7.8%","1,710","8.1%","364","4.8%","220","5.7%","144","3.8%","7,839","8.4%","3,822","7.9%","4,017","8.8%","101","4.5%","45","3.9%","56","5.1%","8,526","8.8%","4,320","8.8%","4,206","8.8%","4,172","5.7%","2,056","5.4%","2,116","5.9%","4,007","4.8%","2,070","4.9%","1,937","4.6%","1,106","3.5%","499","3.2%","607","3.7%","127,809","5.7%","64,881","5.8%","62,928","5.7%","15,222","5.7%","7,751","5.6%","7,471","5.7%","2,218","4.7%","1,050","4.5%","1,168","5.0%","900","4.1%","547","4.9%","353","3.2%","4,534","5.7%","2,433","6.1%","2,101","5.3%","596","5.6%","315","5.8%","281","5.3%","3,570","5.5%","2,054","6.1%","1,516","4.8%","2,984","7.1%","1,573","7.4%","1,411","6.8%","963","4.4%","419","3.8%","544","4.9%","678","5.0%","338","4.9%","340","5.1%","58,864","6.6%","30,677","6.9%","28,187","6.3%","615","3.6%","292","3.6%","323","3.7%","7,682","6.0%","4,196","6.7%","3,486","5.4%","707","5.9%","397","6.7%","310","5.2%","50,311","6.2%","25,611","6.3%","24,700","6.1%","31,489","6.1%","16,341","6.4%","15,148","5.9%","2,738","6.1%","1,600","7.1%","1,138","5.0%","17,447","6.1%","8,608","6.2%","8,839","6.1%","277","6.4%","145","6.9%","132","5.9%","3,567","5.9%","1,921","6.2%","1,646","5.5%","12,228","5.4%","6,340","5.7%","5,888","5.2%","2,254","4.5%","1,194","4.7%","1,060","4.4%","20,839","8.3%","10,820","8.6%","10,019","8.0%"
"        10 to 14 years","461,832","6.1%","235,813","6.3%","226,019","6.0%","2,085","10.6%","1,085","10.8%","1,000","10.4%","1,611","7.1%","733","6.6%","878","7.6%","14,466","7.2%","7,502","7.5%","6,964","6.9%","4,600","6.0%","2,377","6.2%","2,223","5.8%","3,518","4.6%","1,857","4.9%","1,661","4.3%","32,664","6.8%","17,008","7.1%","15,656","6.4%","260","6.5%","132","6.7%","128","6.2%","7,497","6.9%","3,896","7.2%","3,601","6.6%","2,942","6.9%","1,593","7.4%","1,349","6.4%","345","4.5%","146","3.8%","199","5.2%","9,480","10.1%","4,654","9.6%","4,826","10.6%","116","5.1%","77","6.6%","39","3.6%","7,950","8.2%","4,067","8.3%","3,883","8.2%","4,355","5.9%","2,363","6.2%","1,992","5.6%","4,421","5.3%","2,075","4.9%","2,346","5.6%","1,190","3.7%","675","4.3%","515","3.2%","122,340","5.5%","62,514","5.6%","59,826","5.4%","15,148","5.6%","7,754","5.6%","7,394","5.6%","2,306","4.9%","1,291","5.5%","1,015","4.3%","1,546","7.0%","758","6.8%","788","7.2%","4,795","6.0%","2,354","5.9%","2,441","6.2%","703","6.6%","350","6.5%","353","6.6%","3,532","5.4%","1,702","5.0%","1,830","5.8%","2,584","6.1%","1,324","6.2%","1,260","6.1%","1,009","4.6%","573","5.2%","436","3.9%","748","5.5%","414","6.0%","334","5.0%","57,475","6.4%","28,839","6.5%","28,636","6.4%","693","4.1%","356","4.3%","337","3.9%","7,920","6.2%","3,698","5.9%","4,222","6.6%","614","5.2%","280","4.7%","334","5.6%","51,680","6.4%","26,722","6.6%","24,958","6.2%","31,992","6.2%","16,269","6.4%","15,723","6.1%","2,720","6.0%","1,231","5.5%","1,489","6.6%","16,853","5.9%","9,026","6.5%","7,827","5.4%","219","5.1%","84","4.0%","135","6.1%","3,748","6.2%","1,958","6.3%","1,790","6.0%","12,267","5.5%","6,289","5.7%","5,978","5.3%","2,004","4.0%","1,007","4.0%","997","4.1%","21,436","8.6%","10,780","8.6%","10,656","8.5%"
"        15 to 19 years","448,114","6.0%","228,773","6.1%","219,341","5.8%","1,504","7.6%","825","8.2%","679","7.1%","1,247","5.5%","644","5.8%","603","5.2%","13,621","6.8%","7,081","7.1%","6,540","6.5%","4,743","6.2%","2,502","6.5%","2,241","5.9%","3,445","4.5%","1,823","4.8%","1,622","4.2%","31,081","6.4%","15,907","6.7%","15,174","6.2%","134","3.3%","68","3.4%","66","3.2%","6,664","6.1%","3,425","6.4%","3,239","5.9%","2,896","6.8%","1,479","6.9%","1,417","6.7%","334","4.4%","202","5.2%","132","3.5%","7,351","7.8%","3,694","7.7%","3,657","8.0%","209","9.3%","102","8.8%","107","9.8%","7,232","7.5%","3,661","7.5%","3,571","7.5%","4,089","5.5%","2,099","5.5%","1,990","5.5%","3,728","4.4%","2,005","4.8%","1,723","4.1%","969","3.0%","480","3.1%","489","3.0%","118,842","5.3%","59,994","5.4%","58,848","5.3%","14,655","5.4%","7,754","5.6%","6,901","5.3%","4,509","9.6%","2,113","9.0%","2,396","10.2%","1,156","5.2%","578","5.2%","578","5.3%","4,771","6.0%","2,564","6.4%","2,207","5.6%","630","5.9%","341","6.3%","289","5.4%","3,470","5.3%","2,014","5.9%","1,456","4.6%","2,427","5.8%","1,247","5.9%","1,180","5.7%","1,087","4.9%","683","6.2%","404","3.6%","838","6.2%","411","5.9%","427","6.4%","53,578","6.0%","27,608","6.2%","25,970","5.8%","676","4.0%","367","4.5%","309","3.5%","7,231","5.7%","3,747","5.9%","3,484","5.4%","635","5.3%","338","5.7%","297","4.9%","46,357","5.7%","23,778","5.8%","22,579","5.6%","32,663","6.4%","16,838","6.6%","15,825","6.1%","2,597","5.7%","1,358","6.0%","1,239","5.5%","16,431","5.8%","8,332","6.0%","8,099","5.6%","176","4.1%","115","5.5%","61","2.7%","4,782","7.9%","2,401","7.7%","2,381","8.0%","14,948","6.7%","7,197","6.5%","7,751","6.8%","7,569","15.3%","3,359","13.3%","4,210","17.3%","18,839","7.5%","9,639","7.7%","9,200","7.3%"
"        20 to 24 years","481,872","6.4%","252,285","6.7%","229,587","6.1%","1,499","7.6%","761","7.5%","738","7.7%","1,202","5.3%","573","5.2%","629","5.4%","12,161","6.1%","6,246","6.2%","5,915","5.9%","4,435","5.8%","2,207","5.7%","2,228","5.8%","3,356","4.4%","1,801","4.8%","1,555","4.0%","28,254","5.9%","14,468","6.1%","13,786","5.7%","226","5.6%","130","6.6%","96","4.7%","5,775","5.3%","2,945","5.5%","2,830","5.2%","2,440","5.7%","1,310","6.1%","1,130","5.4%","293","3.8%","130","3.4%","163","4.3%","6,358","6.8%","3,348","6.9%","3,010","6.6%","37","1.6%","29","2.5%","8","0.7%","6,573","6.8%","3,521","7.2%","3,052","6.4%","3,549","4.8%","1,977","5.2%","1,572","4.4%","5,822","6.9%","3,412","8.1%","2,410","5.7%","956","3.0%","497","3.2%","459","2.8%","133,409","6.0%","68,329","6.1%","65,080","5.9%","20,512","7.6%","12,559","9.1%","7,953","6.1%","7,020","14.9%","3,348","14.2%","3,672","15.6%","987","4.5%","485","4.3%","502","4.6%","4,205","5.3%","2,211","5.6%","1,994","5.0%","486","4.5%","229","4.3%","257","4.8%","3,352","5.1%","1,944","5.7%","1,408","4.5%","2,055","4.9%","1,057","5.0%","998","4.8%","862","3.9%","456","4.1%","406","3.6%","653","4.8%","373","5.4%","280","4.2%","61,035","6.8%","33,436","7.5%","27,599","6.2%","595","3.5%","285","3.5%","310","3.5%","7,056","5.5%","3,605","5.7%","3,451","5.4%","470","3.9%","248","4.2%","222","3.7%","46,066","5.7%","23,851","5.9%","22,215","5.5%","34,283","6.7%","17,518","6.9%","16,765","6.5%","2,239","4.9%","1,136","5.0%","1,103","4.9%","16,648","5.8%","8,479","6.1%","8,169","5.6%","120","2.8%","39","1.9%","81","3.7%","5,359","8.8%","2,818","9.1%","2,541","8.6%","23,604","10.5%","11,763","10.6%","11,841","10.4%","10,861","21.9%","6,027","23.9%","4,834","19.9%","17,059","6.8%","8,734","7.0%","8,325","6.6%"
"        25 to 29 years","580,547","7.7%","302,992","8.1%","277,555","7.4%","1,279","6.5%","652","6.5%","627","6.5%","1,211","5.3%","615","5.6%","596","5.1%","13,623","6.8%","6,842","6.8%","6,781","6.8%","4,769","6.2%","2,540","6.6%","2,229","5.8%","4,085","5.3%","2,160","5.7%","1,925","5.0%","32,489","6.7%","16,589","7.0%","15,900","6.5%","147","3.7%","69","3.5%","78","3.8%","6,851","6.3%","3,398","6.3%","3,453","6.3%","2,560","6.0%","1,404","6.5%","1,156","5.5%","360","4.7%","192","5.0%","168","4.4%","6,843","7.3%","3,675","7.6%","3,168","7.0%","155","6.9%","88","7.6%","67","6.1%","6,946","7.2%","3,629","7.4%","3,317","7.0%","4,476","6.1%","2,549","6.7%","1,927","5.4%","6,320","7.5%","3,482","8.3%","2,838","6.7%","1,568","4.9%","876","5.6%","692","4.3%","203,074","9.1%","105,961","9.5%","97,113","8.8%","20,685","7.7%","11,523","8.4%","9,162","7.0%","3,187","6.8%","1,865","7.9%","1,322","5.6%","1,059","4.8%","580","5.2%","479","4.4%","4,805","6.0%","2,477","6.2%","2,328","5.9%","432","4.0%","234","4.3%","198","3.7%","3,872","5.9%","2,214","6.5%","1,658","5.3%","2,314","5.5%","1,158","5.4%","1,156","5.6%","947","4.3%","421","3.8%","526","4.7%","571","4.2%","283","4.1%","288","4.3%","72,252","8.1%","37,718","8.5%","34,534","7.7%","647","3.8%","314","3.8%","333","3.8%","8,223","6.5%","4,242","6.7%","3,981","6.2%","503","4.2%","247","4.2%","256","4.3%","58,541","7.2%","30,154","7.4%","28,387","7.0%","40,261","7.8%","20,810","8.2%","19,451","7.5%","2,103","4.6%","1,047","4.6%","1,056","4.6%","20,857","7.3%","10,689","7.7%","10,168","7.0%","135","3.1%","42","2.0%","93","4.2%","3,936","6.5%","2,267","7.3%","1,669","5.6%","16,390","7.3%","8,546","7.7%","7,844","6.9%","4,272","8.6%","2,419","9.6%","1,853","7.6%","17,799","7.1%","9,021","7.2%","8,778","7.0%"
"        30 to 34 years","566,149","7.5%","291,790","7.8%","274,359","7.3%","1,275","6.5%","732","7.3%","543","5.6%","1,235","5.5%","634","5.8%","601","5.2%","13,775","6.9%","7,045","7.0%","6,730","6.7%","4,688","6.1%","2,424","6.3%","2,264","5.9%","4,136","5.4%","2,218","5.9%","1,918","4.9%","31,754","6.6%","15,840","6.6%","15,914","6.5%","129","3.2%","66","3.3%","63","3.1%","6,515","6.0%","3,268","6.1%","3,247","6.0%","2,696","6.3%","1,405","6.6%","1,291","6.1%","434","5.7%","273","7.1%","161","4.2%","7,435","7.9%","3,999","8.3%","3,436","7.6%","122","5.4%","43","3.7%","79","7.2%","6,077","6.3%","3,187","6.5%","2,890","6.1%","4,354","5.9%","2,384","6.3%","1,970","5.5%","5,256","6.2%","2,808","6.7%","2,448","5.8%","1,323","4.2%","699","4.5%","624","3.8%","203,507","9.1%","106,201","9.5%","97,306","8.8%","18,672","6.9%","9,971","7.2%","8,701","6.6%","2,704","5.7%","1,500","6.4%","1,204","5.1%","1,240","5.6%","602","5.4%","638","5.9%","4,676","5.9%","2,375","6.0%","2,301","5.8%","492","4.6%","263","4.9%","229","4.3%","3,780","5.8%","2,096","6.2%","1,684","5.4%","2,223","5.3%","1,117","5.3%","1,106","5.3%","989","4.5%","456","4.1%","533","4.8%","671","4.9%","371","5.4%","300","4.5%","67,636","7.6%","34,124","7.7%","33,512","7.5%","725","4.3%","361","4.4%","364","4.2%","7,831","6.1%","3,975","6.3%","3,856","6.0%","659","5.5%","300","5.1%","359","6.0%","62,574","7.7%","31,877","7.8%","30,697","7.6%","37,010","7.2%","18,805","7.4%","18,205","7.0%","2,123","4.7%","1,074","4.8%","1,049","4.6%","20,676","7.3%","10,268","7.4%","10,408","7.2%","148","3.4%","87","4.1%","61","2.7%","3,736","6.1%","2,109","6.8%","1,627","5.5%","14,145","6.3%","7,224","6.5%","6,921","6.1%","2,830","5.7%","1,576","6.2%","1,254","5.2%","15,898","6.3%","8,033","6.4%","7,865","6.3%"
"        35 to 39 years","529,679","7.1%","269,881","7.2%","259,798","6.9%","1,124","5.7%","601","6.0%","523","5.4%","1,270","5.6%","722","6.5%","548","4.7%","13,497","6.7%","6,557","6.5%","6,940","6.9%","4,121","5.4%","1,982","5.1%","2,139","5.6%","3,805","5.0%","1,884","5.0%","1,921","4.9%","32,598","6.8%","16,074","6.7%","16,524","6.8%","239","5.9%","88","4.5%","151","7.4%","6,510","6.0%","3,540","6.6%","2,970","5.4%","2,731","6.4%","1,464","6.8%","1,267","6.0%","335","4.4%","160","4.2%","175","4.6%","6,832","7.3%","3,983","8.3%","2,849","6.3%","88","3.9%","56","4.8%","32","2.9%","6,136","6.3%","3,024","6.2%","3,112","6.5%","4,561","6.2%","2,426","6.4%","2,135","5.9%","4,678","5.6%","2,150","5.1%","2,528","6.0%","1,343","4.2%","724","4.7%","619","3.8%","179,327","8.1%","93,219","8.3%","86,108","7.8%","17,636","6.6%","9,251","6.7%","8,385","6.4%","2,883","6.1%","1,453","6.2%","1,430","6.1%","1,179","5.3%","670","6.0%","509","4.7%","4,927","6.2%","2,452","6.2%","2,475","6.2%","513","4.8%","242","4.5%","271","5.1%","3,958","6.1%","2,061","6.1%","1,897","6.0%","2,586","6.1%","1,288","6.1%","1,298","6.2%","1,144","5.2%","605","5.5%","539","4.8%","581","4.3%","263","3.8%","318","4.8%","62,702","7.0%","30,654","6.9%","32,048","7.2%","904","5.3%","405","4.9%","499","5.7%","7,355","5.8%","3,914","6.2%","3,441","5.3%","790","6.6%","428","7.2%","362","6.0%","61,530","7.6%","31,156","7.7%","30,374","7.5%","33,435","6.5%","16,399","6.4%","17,036","6.6%","2,155","4.8%","1,060","4.7%","1,095","4.8%","20,149","7.1%","10,553","7.6%","9,596","6.6%","138","3.2%","73","3.5%","65","2.9%","3,816","6.3%","1,949","6.3%","1,867","6.3%","13,479","6.0%","6,650","6.0%","6,829","6.0%","2,790","5.6%","1,407","5.6%","1,383","5.7%","15,834","6.3%","8,294","6.6%","7,540","6.0%"
"        40 to 44 years","474,019","6.3%","240,129","6.4%","233,890","6.2%","1,072","5.4%","498","4.9%","574","6.0%","1,321","5.8%","565","5.1%","756","6.5%","11,733","5.8%","6,188","6.2%","5,545","5.5%","4,805","6.3%","2,476","6.4%","2,329","6.1%","4,097","5.4%","2,161","5.7%","1,936","5.0%","31,704","6.6%","15,554","6.5%","16,150","6.6%","187","4.6%","144","7.3%","43","2.1%","6,103","5.6%","2,793","5.2%","3,310","6.1%","2,415","5.7%","1,055","4.9%","1,360","6.5%","508","6.6%","209","5.4%","299","7.9%","6,035","6.4%","2,931","6.1%","3,104","6.8%","133","5.9%","43","3.7%","90","8.2%","5,167","5.3%","2,705","5.5%","2,462","5.2%","4,013","5.4%","2,174","5.7%","1,839","5.1%","4,110","4.9%","2,319","5.5%","1,791","4.2%","1,369","4.3%","659","4.2%","710","4.4%","156,877","7.1%","79,623","7.1%","77,254","7.0%","14,324","5.3%","7,155","5.2%","7,169","5.5%","1,717","3.6%","847","3.6%","870","3.7%","1,518","6.9%","751","6.7%","767","7.0%","4,175","5.3%","2,124","5.3%","2,051","5.2%","569","5.3%","313","5.8%","256","4.8%","3,460","5.3%","1,946","5.7%","1,514","4.8%","2,202","5.2%","1,178","5.5%","1,024","4.9%","1,040","4.7%","583","5.3%","457","4.1%","655","4.8%","361","5.2%","294","4.4%","55,711","6.2%","28,287","6.4%","27,424","6.1%","848","5.0%","418","5.1%","430","4.9%","7,793","6.1%","3,743","5.9%","4,050","6.3%","633","5.3%","263","4.5%","370","6.2%","54,453","6.7%","28,351","7.0%","26,102","6.4%","30,168","5.9%","15,828","6.2%","14,340","5.5%","2,351","5.2%","1,132","5.0%","1,219","5.4%","18,258","6.4%","8,453","6.1%","9,805","6.7%","282","6.5%","158","7.5%","124","5.6%","3,052","5.0%","1,763","5.7%","1,289","4.3%","13,435","6.0%","6,831","6.2%","6,604","5.8%","1,863","3.8%","871","3.4%","992","4.1%","13,863","5.5%","6,676","5.3%","7,187","5.7%"
"        45 to 49 years","470,188","6.3%","237,409","6.3%","232,779","6.2%","992","5.0%","501","5.0%","491","5.1%","1,204","5.3%","580","5.3%","624","5.4%","11,708","5.8%","5,864","5.8%","5,844","5.8%","4,065","5.3%","2,049","5.3%","2,016","5.3%","3,541","4.6%","1,770","4.7%","1,771","4.6%","32,121","6.7%","16,153","6.8%","15,968","6.6%","345","8.6%","147","7.4%","198","9.7%","6,817","6.3%","3,372","6.3%","3,445","6.3%","2,512","5.9%","1,303","6.1%","1,209","5.7%","421","5.5%","231","6.0%","190","5.0%","5,386","5.7%","2,852","5.9%","2,534","5.6%","89","3.9%","42","3.6%","47","4.3%","5,466","5.7%","2,819","5.7%","2,647","5.6%","4,344","5.9%","2,281","6.0%","2,063","5.7%","3,886","4.6%","1,914","4.6%","1,972","4.7%","1,469","4.6%","728","4.7%","741","4.6%","152,675","6.9%","77,777","7.0%","74,898","6.8%","15,158","5.6%","7,638","5.6%","7,520","5.7%","2,377","5.0%","1,236","5.2%","1,141","4.8%","1,332","6.0%","694","6.2%","638","5.9%","4,569","5.8%","2,240","5.6%","2,329","5.9%","565","5.3%","270","5.0%","295","5.5%","3,549","5.4%","1,801","5.3%","1,748","5.6%","2,339","5.6%","1,190","5.6%","1,149","5.5%","1,048","4.7%","531","4.8%","517","4.6%","680","5.0%","353","5.1%","327","4.9%","55,020","6.2%","27,404","6.2%","27,616","6.2%","852","5.0%","420","5.1%","432","4.9%","7,167","5.6%","3,551","5.6%","3,616","5.6%","786","6.6%","343","5.8%","443","7.4%","55,144","6.8%","27,992","6.9%","27,152","6.7%","30,392","5.9%","15,288","6.0%","15,104","5.8%","2,650","5.9%","1,330","5.9%","1,320","5.8%","17,477","6.1%","8,687","6.2%","8,790","6.0%","203","4.7%","107","5.1%","96","4.3%","3,349","5.5%","1,784","5.7%","1,565","5.3%","12,824","5.7%","6,475","5.8%","6,349","5.6%","1,759","3.5%","845","3.3%","914","3.8%","13,907","5.5%","6,847","5.5%","7,060","5.6%"
"        50 to 54 years","463,039","6.2%","231,492","6.2%","231,547","6.2%","957","4.9%","491","4.9%","466","4.8%","1,347","6.0%","699","6.3%","648","5.6%","11,426","5.7%","5,718","5.7%","5,708","5.7%","4,586","6.0%","2,344","6.1%","2,242","5.9%","4,137","5.4%","1,951","5.2%","2,186","5.6%","31,009","6.4%","15,282","6.4%","15,727","6.5%","233","5.8%","120","6.1%","113","5.5%","6,766","6.2%","3,354","6.2%","3,412","6.3%","2,381","5.6%","1,200","5.6%","1,181","5.6%","419","5.5%","174","4.5%","245","6.5%","4,628","4.9%","2,408","5.0%","2,220","4.9%","195","8.6%","80","6.9%","115","10.5%","5,099","5.3%","2,590","5.3%","2,509","5.3%","4,539","6.2%","2,379","6.3%","2,160","6.0%","4,624","5.5%","2,190","5.2%","2,434","5.8%","1,819","5.7%","889","5.7%","930","5.7%","142,071","6.4%","72,030","6.4%","70,041","6.3%","16,412","6.1%","8,076","5.9%","8,336","6.3%","2,505","5.3%","1,181","5.0%","1,324","5.6%","1,279","5.8%","629","5.6%","650","6.0%","4,849","6.1%","2,431","6.1%","2,418","6.1%","663","6.2%","335","6.2%","328","6.1%","3,743","5.7%","1,858","5.5%","1,885","6.0%","2,305","5.5%","1,159","5.4%","1,146","5.5%","1,261","5.7%","562","5.1%","699","6.3%","887","6.5%","458","6.6%","429","6.4%","55,479","6.2%","27,463","6.2%","28,016","6.3%","1,013","6.0%","489","6.0%","524","6.0%","7,385","5.8%","3,682","5.8%","3,703","5.8%","944","7.9%","458","7.8%","486","8.1%","55,302","6.8%","28,096","6.9%","27,206","6.7%","30,873","6.0%","15,109","5.9%","15,764","6.1%","2,816","6.2%","1,346","6.0%","1,470","6.5%","17,177","6.0%","8,344","6.0%","8,833","6.1%","251","5.8%","108","5.1%","143","6.4%","3,580","5.9%","1,777","5.7%","1,803","6.1%","12,736","5.7%","6,287","5.7%","6,449","5.7%","1,892","3.8%","1,017","4.0%","875","3.6%","13,451","5.4%","6,728","5.4%","6,723","5.4%"
"        55 to 59 years","481,184","6.4%","237,619","6.3%","243,565","6.5%","910","4.6%","531","5.3%","379","3.9%","1,442","6.4%","596","5.4%","846","7.3%","12,461","6.2%","6,176","6.2%","6,285","6.3%","5,385","7.0%","2,689","7.0%","2,696","7.1%","5,610","7.3%","2,754","7.3%","2,856","7.4%","31,513","6.5%","15,405","6.5%","16,108","6.6%","282","7.0%","156","7.9%","126","6.1%","7,347","6.8%","3,797","7.1%","3,550","6.5%","2,809","6.6%","1,260","5.9%","1,549","7.3%","677","8.9%","293","7.6%","384","10.1%","3,921","4.2%","1,973","4.1%","1,948","4.3%","74","3.3%","35","3.0%","39","3.6%","5,408","5.6%","2,665","5.4%","2,743","5.8%","5,196","7.0%","2,566","6.8%","2,630","7.3%","5,256","6.2%","2,547","6.1%","2,709","6.4%","2,629","8.3%","1,179","7.6%","1,450","8.9%","138,750","6.2%","69,250","6.2%","69,500","6.3%","19,092","7.1%","9,524","6.9%","9,568","7.3%","2,816","6.0%","1,302","5.5%","1,514","6.4%","1,753","7.9%","938","8.4%","815","7.5%","5,682","7.2%","2,886","7.3%","2,796","7.0%","881","8.2%","445","8.3%","436","8.2%","5,190","7.9%","2,804","8.3%","2,386","7.6%","2,892","6.9%","1,359","6.4%","1,533","7.4%","1,817","8.2%","865","7.9%","952","8.6%","1,031","7.6%","568","8.2%","463","6.9%","56,003","6.3%","27,333","6.1%","28,670","6.4%","1,470","8.7%","665","8.1%","805","9.2%","8,739","6.9%","4,224","6.7%","4,515","7.0%","1,081","9.1%","562","9.5%","519","8.6%","55,439","6.8%","28,086","6.9%","27,353","6.8%","32,665","6.4%","15,511","6.1%","17,154","6.6%","3,636","8.0%","1,752","7.8%","1,884","8.3%","17,958","6.3%","8,659","6.2%","9,299","6.4%","236","5.5%","96","4.6%","140","6.3%","3,610","5.9%","1,877","6.0%","1,733","5.8%","13,313","5.9%","6,381","5.8%","6,932","6.1%","2,184","4.4%","1,081","4.3%","1,103","4.5%","14,026","5.6%","6,829","5.5%","7,197","5.7%"
"        60 to 64 years","474,362","6.3%","229,761","6.1%","244,601","6.5%","974","4.9%","385","3.8%","589","6.1%","2,019","8.9%","1,026","9.3%","993","8.6%","12,266","6.1%","5,934","5.9%","6,332","6.3%","5,390","7.0%","2,486","6.4%","2,904","7.6%","6,881","9.0%","3,063","8.1%","3,818","9.8%","30,064","6.2%","14,539","6.1%","15,525","6.4%","322","8.0%","132","6.7%","190","9.3%","7,985","7.4%","3,834","7.1%","4,151","7.6%","2,574","6.1%","1,403","6.5%","1,171","5.6%","753","9.9%","385","10.0%","368","9.7%","4,274","4.6%","2,198","4.6%","2,076","4.6%","253","11.2%","157","13.5%","96","8.8%","5,182","5.4%","2,714","5.5%","2,468","5.2%","6,257","8.5%","3,157","8.3%","3,100","8.6%","6,747","8.0%","2,977","7.1%","3,770","8.9%","3,564","11.2%","1,654","10.6%","1,910","11.7%","125,276","5.6%","61,833","5.5%","63,443","5.7%","18,012","6.7%","8,476","6.2%","9,536","7.3%","3,171","6.7%","1,597","6.8%","1,574","6.7%","1,879","8.5%","845","7.6%","1,034","9.5%","6,037","7.6%","2,759","6.9%","3,278","8.3%","890","8.3%","412","7.7%","478","8.9%","5,416","8.3%","2,540","7.5%","2,876","9.2%","3,434","8.2%","1,715","8.1%","1,719","8.3%","2,090","9.4%","984","9.0%","1,106","9.9%","1,421","10.5%","623","9.0%","798","12.0%","54,423","6.1%","26,441","5.9%","27,982","6.3%","1,753","10.3%","830","10.1%","923","10.6%","8,990","7.1%","4,246","6.7%","4,744","7.4%","1,147","9.6%","554","9.4%","593","9.9%","53,383","6.6%","25,884","6.4%","27,499","6.8%","34,240","6.7%","16,748","6.6%","17,492","6.8%","4,119","9.1%","2,022","9.0%","2,097","9.2%","19,172","6.7%","8,688","6.2%","10,484","7.2%","555","12.9%","233","11.1%","322","14.5%","3,949","6.5%","1,879","6.0%","2,070","7.0%","14,473","6.4%","6,891","6.2%","7,582","6.7%","2,039","4.1%","957","3.8%","1,082","4.4%","12,988","5.2%","6,560","5.2%","6,428","5.1%"
"        65 to 69 years","401,146","5.3%","191,833","5.1%","209,313","5.6%","797","4.0%","428","4.2%","369","3.8%","1,617","7.1%","809","7.3%","808","7.0%","10,269","5.1%","5,094","5.1%","5,175","5.2%","4,887","6.4%","2,391","6.2%","2,496","6.6%","7,176","9.4%","3,476","9.2%","3,700","9.5%","26,518","5.5%","12,730","5.3%","13,788","5.7%","368","9.1%","161","8.2%","207","10.1%","6,895","6.4%","3,230","6.0%","3,665","6.7%","2,541","6.0%","1,215","5.7%","1,326","6.3%","794","10.4%","380","9.9%","414","10.9%","3,184","3.4%","1,760","3.6%","1,424","3.1%","204","9.0%","118","10.2%","86","7.8%","4,106","4.2%","1,897","3.9%","2,209","4.6%","5,841","7.9%","2,769","7.3%","3,072","8.6%","6,758","8.0%","3,300","7.9%","3,458","8.2%","3,998","12.6%","1,927","12.4%","2,071","12.7%","100,357","4.5%","48,115","4.3%","52,242","4.7%","16,818","6.3%","8,023","5.8%","8,795","6.7%","2,599","5.5%","1,311","5.6%","1,288","5.5%","1,618","7.3%","755","6.8%","863","7.9%","5,877","7.4%","2,926","7.4%","2,951","7.4%","853","7.9%","479","8.9%","374","7.0%","5,227","8.0%","2,581","7.6%","2,646","8.4%","3,393","8.1%","1,803","8.5%","1,590","7.6%","2,415","10.9%","1,098","10.0%","1,317","11.8%","1,241","9.1%","677","9.8%","564","8.5%","42,917","4.8%","20,387","4.6%","22,530","5.0%","1,890","11.1%","830","10.1%","1,060","12.1%","8,846","6.9%","4,271","6.8%","4,575","7.1%","911","7.7%","492","8.3%","419","7.0%","40,992","5.1%","19,110","4.7%","21,882","5.4%","27,340","5.3%","12,924","5.1%","14,416","5.6%","4,004","8.9%","2,010","8.9%","1,994","8.8%","17,499","6.1%","7,768","5.6%","9,731","6.7%","484","11.2%","257","12.2%","227","10.2%","3,403","5.6%","1,752","5.6%","1,651","5.6%","13,222","5.9%","6,197","5.6%","7,025","6.2%","1,734","3.5%","922","3.7%","812","3.3%","11,553","4.6%","5,460","4.4%","6,093","4.9%"
"        70 to 74 years","305,947","4.1%","143,753","3.8%","162,194","4.3%","548","2.8%","240","2.4%","308","3.2%","1,349","6.0%","627","5.7%","722","6.2%","7,921","3.9%","3,869","3.9%","4,052","4.0%","3,633","4.7%","1,798","4.7%","1,835","4.8%","6,095","8.0%","2,710","7.2%","3,385","8.7%","20,105","4.2%","9,081","3.8%","11,024","4.5%","293","7.3%","141","7.1%","152","7.4%","5,534","5.1%","2,752","5.1%","2,782","5.1%","1,765","4.2%","819","3.8%","946","4.5%","582","7.6%","326","8.5%","256","6.8%","2,457","2.6%","1,180","2.4%","1,277","2.8%","163","7.2%","64","5.5%","99","9.0%","3,994","4.1%","2,103","4.3%","1,891","4.0%","4,131","5.6%","2,072","5.5%","2,059","5.7%","5,967","7.1%","2,754","6.6%","3,213","7.6%","3,309","10.4%","1,601","10.3%","1,708","10.5%","75,577","3.4%","34,244","3.1%","41,333","3.7%","13,261","4.9%","6,310","4.6%","6,951","5.3%","1,970","4.2%","927","3.9%","1,043","4.4%","1,695","7.7%","969","8.7%","726","6.7%","4,163","5.2%","2,104","5.3%","2,059","5.2%","760","7.1%","353","6.6%","407","7.6%","4,145","6.3%","1,990","5.9%","2,155","6.9%","2,347","5.6%","1,136","5.3%","1,211","5.8%","2,026","9.2%","1,014","9.2%","1,012","9.1%","1,104","8.1%","573","8.3%","531","8.0%","31,845","3.6%","14,629","3.3%","17,216","3.9%","1,763","10.4%","938","11.4%","825","9.4%","7,009","5.5%","3,291","5.2%","3,718","5.8%","659","5.5%","322","5.5%","337","5.6%","27,294","3.4%","12,868","3.2%","14,426","3.6%","22,941","4.5%","10,873","4.3%","12,068","4.7%","2,632","5.8%","1,302","5.8%","1,330","5.9%","13,159","4.6%","6,387","4.6%","6,772","4.7%","375","8.7%","203","9.7%","172","7.8%","2,760","4.5%","1,252","4.0%","1,508","5.1%","10,572","4.7%","5,078","4.6%","5,494","4.8%","1,381","2.8%","586","2.3%","795","3.3%","8,663","3.5%","4,267","3.4%","4,396","3.5%"
"        75 to 79 years","191,489","2.5%","88,211","2.3%","103,278","2.8%","365","1.9%","172","1.7%","193","2.0%","1,044","4.6%","439","4.0%","605","5.2%","5,273","2.6%","2,350","2.3%","2,923","2.9%","2,386","3.1%","1,132","2.9%","1,254","3.3%","4,123","5.4%","2,060","5.5%","2,063","5.3%","11,264","2.3%","5,128","2.2%","6,136","2.5%","214","5.3%","121","6.1%","93","4.5%","3,384","3.1%","1,453","2.7%","1,931","3.5%","1,286","3.0%","714","3.3%","572","2.7%","319","4.2%","206","5.3%","113","3.0%","1,502","1.6%","678","1.4%","824","1.8%","98","4.3%","67","5.8%","31","2.8%","2,668","2.8%","1,405","2.9%","1,263","2.7%","2,643","3.6%","1,207","3.2%","1,436","4.0%","3,905","4.6%","1,818","4.3%","2,087","4.9%","2,150","6.8%","1,063","6.8%","1,087","6.7%","45,411","2.0%","20,465","1.8%","24,946","2.3%","8,753","3.3%","3,920","2.8%","4,833","3.7%","1,367","2.9%","631","2.7%","736","3.1%","1,008","4.6%","502","4.5%","506","4.6%","3,066","3.9%","1,481","3.7%","1,585","4.0%","479","4.5%","200","3.7%","279","5.2%","2,780","4.3%","1,408","4.1%","1,372","4.4%","1,482","3.5%","759","3.6%","723","3.5%","1,037","4.7%","487","4.4%","550","4.9%","710","5.2%","388","5.6%","322","4.8%","20,287","2.3%","8,976","2.0%","11,311","2.5%","1,032","6.1%","563","6.9%","469","5.4%","4,442","3.5%","2,020","3.2%","2,422","3.8%","392","3.3%","193","3.3%","199","3.3%","17,313","2.1%","7,916","1.9%","9,397","2.3%","13,679","2.7%","6,194","2.4%","7,485","2.9%","1,641","3.6%","728","3.2%","913","4.0%","8,116","2.9%","3,706","2.7%","4,410","3.0%","267","6.2%","126","6.0%","141","6.4%","1,904","3.1%","924","3.0%","980","3.3%","6,795","3.0%","3,213","2.9%","3,582","3.2%","1,062","2.1%","531","2.1%","531","2.2%","5,842","2.3%","2,867","2.3%","2,975","2.4%"
"        80 to 84 years","124,351","1.7%","55,169","1.5%","69,182","1.8%","278","1.4%","113","1.1%","165","1.7%","790","3.5%","438","4.0%","352","3.0%","3,160","1.6%","1,322","1.3%","1,838","1.8%","1,575","2.1%","838","2.2%","737","1.9%","2,948","3.9%","1,325","3.5%","1,623","4.2%","7,997","1.7%","3,616","1.5%","4,381","1.8%","164","4.1%","90","4.6%","74","3.6%","2,521","2.3%","1,176","2.2%","1,345","2.5%","823","1.9%","420","2.0%","403","1.9%","194","2.5%","88","2.3%","106","2.8%","921","1.0%","412","0.9%","509","1.1%","72","3.2%","49","4.2%","23","2.1%","1,160","1.2%","469","1.0%","691","1.5%","1,862","2.5%","876","2.3%","986","2.7%","2,090","2.5%","1,086","2.6%","1,004","2.4%","1,091","3.4%","512","3.3%","579","3.6%","31,513","1.4%","13,285","1.2%","18,228","1.6%","4,756","1.8%","2,115","1.5%","2,641","2.0%","907","1.9%","448","1.9%","459","1.9%","575","2.6%","304","2.7%","271","2.5%","1,679","2.1%","752","1.9%","927","2.3%","463","4.3%","228","4.2%","235","4.4%","1,356","2.1%","671","2.0%","685","2.2%","1,087","2.6%","439","2.1%","648","3.1%","707","3.2%","408","3.7%","299","2.7%","281","2.1%","118","1.7%","163","2.4%","13,627","1.5%","5,820","1.3%","7,807","1.7%","608","3.6%","287","3.5%","321","3.7%","3,376","2.6%","1,522","2.4%","1,854","2.9%","246","2.1%","143","2.4%","103","1.7%","10,844","1.3%","4,663","1.1%","6,181","1.5%","9,275","1.8%","4,202","1.6%","5,073","2.0%","1,240","2.7%","702","3.1%","538","2.4%","5,131","1.8%","2,239","1.6%","2,892","2.0%","157","3.6%","81","3.9%","76","3.4%","957","1.6%","331","1.1%","626","2.1%","3,827","1.7%","1,862","1.7%","1,965","1.7%","547","1.1%","300","1.2%","247","1.0%","3,546","1.4%","1,419","1.1%","2,127","1.7%"
"        85 years and over","137,671","1.8%","50,406","1.3%","87,265","2.3%","206","1.0%","97","1.0%","109","1.1%","476","2.1%","185","1.7%","291","2.5%","3,293","1.6%","1,241","1.2%","2,052","2.0%","2,186","2.9%","828","2.1%","1,358","3.6%","2,250","2.9%","913","2.4%","1,337","3.4%","8,569","1.8%","3,282","1.4%","5,287","2.2%","118","2.9%","31","1.6%","87","4.2%","2,302","2.1%","1,026","1.9%","1,276","2.3%","1,038","2.4%","296","1.4%","742","3.5%","206","2.7%","59","1.5%","147","3.9%","861","0.9%","395","0.8%","466","1.0%","59","2.6%","11","0.9%","48","4.4%","1,500","1.6%","532","1.1%","968","2.0%","1,513","2.1%","677","1.8%","836","2.3%","1,955","2.3%","756","1.8%","1,199","2.8%","1,051","3.3%","503","3.2%","548","3.4%","40,364","1.8%","14,309","1.3%","26,055","2.4%","4,475","1.7%","1,842","1.3%","2,633","2.0%","690","1.5%","290","1.2%","400","1.7%","321","1.5%","105","0.9%","216","2.0%","1,919","2.4%","753","1.9%","1,166","2.9%","201","1.9%","103","1.9%","98","1.8%","1,475","2.3%","533","1.6%","942","3.0%","891","2.1%","441","2.1%","450","2.2%","773","3.5%","329","3.0%","444","4.0%","238","1.8%","61","0.9%","177","2.7%","14,016","1.6%","4,898","1.1%","9,118","2.0%","389","2.3%","160","1.9%","229","2.6%","2,826","2.2%","1,236","2.0%","1,590","2.5%","242","2.0%","95","1.6%","147","2.4%","12,967","1.6%","4,357","1.1%","8,610","2.1%","9,870","1.9%","3,359","1.3%","6,511","2.5%","1,038","2.3%","404","1.8%","634","2.8%","5,208","1.8%","1,843","1.3%","3,365","2.3%","125","2.9%","59","2.8%","66","3.0%","1,996","3.3%","720","2.3%","1,276","4.3%","4,523","2.0%","1,611","1.5%","2,912","2.6%","577","1.2%","159","0.6%","418","1.7%","4,964","2.0%","1,907","1.5%","3,057","2.4%"
"    SELECTED AGE CATEGORIES","","","","","","","","","","","","","","","","","","","","","","","","","","","","","","","","","","","","","","","","","","","","","","","","","","","","","","","","","","","","","","","","","","","","","","","","","","","","","","","","","","","","","","","","","","","","","","","","","","","","","","","","","","","","","","","","","","","","","","","","","","","","","","","","","","","","","","","","","","","","","","","","","","","","","","","","","","","","","","","","","","","","","","","","","","","","","","","","","","","","","","","","","","","","","","","","","","","","","","","","","","","","","","","","","","","","","","","","","","","","","","","","","","","","","","","","","","","","","","","",""
"        5 to 14 years","928,096","12.4%","474,342","12.6%","453,754","12.1%","4,060","20.6%","2,125","21.1%","1,935","20.1%","2,651","11.7%","1,205","10.9%","1,446","12.5%","30,560","15.2%","15,729","15.7%","14,831","14.8%","10,390","13.6%","5,478","14.2%","4,912","12.9%","7,326","9.6%","3,696","9.8%","3,630","9.3%","65,658","13.6%","33,381","14.0%","32,277","13.2%","453","11.3%","235","11.9%","218","10.6%","13,878","12.8%","7,063","13.1%","6,815","12.5%","6,324","14.9%","3,265","15.2%","3,059","14.5%","709","9.3%","366","9.5%","343","9.0%","17,319","18.5%","8,476","17.6%","8,843","19.5%","217","9.6%","122","10.5%","95","8.7%","16,476","17.0%","8,387","17.1%","8,089","17.0%","8,527","11.6%","4,419","11.7%","4,108","11.4%","8,428","10.0%","4,145","9.9%","4,283","10.1%","2,296","7.2%","1,174","7.5%","1,122","6.9%","250,149","11.2%","127,395","11.4%","122,754","11.1%","30,370","11.3%","15,505","11.3%","14,865","11.3%","4,524","9.6%","2,341","9.9%","2,183","9.3%","2,446","11.1%","1,305","11.7%","1,141","10.5%","9,329","11.7%","4,787","12.0%","4,542","11.5%","1,299","12.1%","665","12.3%","634","11.9%","7,102","10.9%","3,756","11.1%","3,346","10.7%","5,568","13.2%","2,897","13.6%","2,671","12.8%","1,972","8.9%","992","9.0%","980","8.8%","1,426","10.5%","752","10.9%","674","10.1%","116,339","13.0%","59,516","13.4%","56,823","12.7%","1,308","7.7%","648","7.9%","660","7.6%","15,602","12.2%","7,894","12.5%","7,708","12.0%","1,321","11.1%","677","11.5%","644","10.7%","101,991","12.6%","52,333","12.9%","49,658","12.3%","63,481","12.4%","32,610","12.8%","30,871","11.9%","5,458","12.1%","2,831","12.6%","2,627","11.6%","34,300","12.0%","17,634","12.7%","16,666","11.5%","496","11.5%","229","10.9%","267","12.0%","7,315","12.0%","3,879","12.5%","3,436","11.6%","24,495","10.9%","12,629","11.4%","11,866","10.4%","4,258","8.6%","2,201","8.7%","2,057","8.5%","42,275","16.9%","21,600","17.3%","20,675","16.5%"
"        15 to 17 years","270,761","3.6%","137,974","3.7%","132,787","3.5%","1,021","5.2%","522","5.2%","499","5.2%","757","3.3%","384","3.5%","373","3.2%","8,860","4.4%","4,547","4.5%","4,313","4.3%","3,005","3.9%","1,596","4.1%","1,409","3.7%","2,173","2.8%","1,059","2.8%","1,114","2.9%","20,450","4.2%","10,348","4.3%","10,102","4.1%","68","1.7%","22","1.1%","46","2.2%","4,245","3.9%","2,162","4.0%","2,083","3.8%","1,911","4.5%","947","4.4%","964","4.6%","226","3.0%","128","3.3%","98","2.6%","4,737","5.1%","2,348","4.9%","2,389","5.3%","145","6.4%","60","5.2%","85","7.7%","4,586","4.7%","2,324","4.7%","2,262","4.8%","2,556","3.5%","1,318","3.5%","1,238","3.4%","2,190","2.6%","1,188","2.8%","1,002","2.4%","611","1.9%","312","2.0%","299","1.8%","71,208","3.2%","36,155","3.2%","35,053","3.2%","9,079","3.4%","4,653","3.4%","4,426","3.4%","1,295","2.7%","683","2.9%","612","2.6%","794","3.6%","408","3.7%","386","3.5%","3,094","3.9%","1,601","4.0%","1,493","3.8%","431","4.0%","230","4.3%","201","3.8%","2,060","3.2%","1,087","3.2%","973","3.1%","1,574","3.7%","804","3.8%","770","3.7%","605","2.7%","360","3.3%","245","2.2%","551","4.1%","259","3.7%","292","4.4%","33,245","3.7%","16,896","3.8%","16,349","3.7%","416","2.5%","220","2.7%","196","2.2%","4,569","3.6%","2,355","3.7%","2,214","3.4%","415","3.5%","209","3.5%","206","3.4%","30,144","3.7%","15,295","3.8%","14,849","3.7%","19,002","3.7%","9,836","3.9%","9,166","3.5%","1,771","3.9%","928","4.1%","843","3.7%","10,201","3.6%","5,191","3.7%","5,010","3.4%","88","2.0%","47","2.2%","41","1.8%","2,235","3.7%","1,149","3.7%","1,086","3.7%","7,244","3.2%","3,592","3.2%","3,652","3.2%","1,199","2.4%","670","2.7%","529","2.2%","12,000","4.8%","6,081","4.9%","5,919","4.7%"
"        Under 18 years","1,653,469","22.0%","845,478","22.5%","807,991","21.5%","6,943","35.2%","3,582","35.5%","3,361","35.0%","4,619","20.4%","2,256","20.5%","2,363","20.3%","53,388","26.6%","27,432","27.3%","25,956","25.9%","18,004","23.5%","9,459","24.5%","8,545","22.4%","12,970","17.0%","6,618","17.6%","6,352","16.3%","115,360","23.9%","58,903","24.7%","56,457","23.2%","691","17.2%","332","16.8%","359","17.5%","24,675","22.8%","12,651","23.5%","12,024","22.0%","10,964","25.8%","5,636","26.3%","5,328","25.3%","1,240","16.2%","671","17.4%","569","15.0%","30,430","32.5%","15,101","31.3%","15,329","33.7%","452","20.0%","237","20.4%","215","19.6%","28,520","29.5%","14,434","29.4%","14,086","29.6%","14,957","20.3%","7,605","20.1%","7,352","20.5%","15,275","18.1%","7,659","18.2%","7,616","18.0%","3,828","12.0%","1,878","12.1%","1,950","12.0%","449,242","20.2%","229,027","20.5%","220,215","19.9%","54,803","20.4%","28,102","20.4%","26,701","20.3%","7,970","16.9%","4,181","17.8%","3,789","16.1%","4,250","19.3%","2,174","19.5%","2,076","19.1%","17,124","21.6%","8,829","22.2%","8,295","20.9%","2,286","21.3%","1,168","21.7%","1,118","20.9%","12,613","19.3%","6,566","19.3%","6,047","19.3%","9,677","23.0%","5,027","23.6%","4,650","22.3%","3,483","15.7%","1,872","17.0%","1,611","14.5%","2,577","19.0%","1,304","18.8%","1,273","19.1%","208,576","23.4%","106,697","24.0%","101,879","22.8%","2,204","13.0%","1,101","13.4%","1,103","12.6%","27,742","21.8%","14,152","22.4%","13,590","21.1%","2,223","18.7%","1,128","19.1%","1,095","18.2%","183,517","22.6%","93,916","23.1%","89,601","22.1%","113,309","22.1%","58,221","22.9%","55,088","21.3%","9,660","21.4%","5,048","22.4%","4,612","20.3%","60,983","21.4%","31,425","22.6%","29,558","20.3%","754","17.5%","362","17.2%","392","17.7%","12,831","21.1%","6,672","21.4%","6,159","20.8%","43,496","19.4%","22,239","20.1%","21,257","18.7%","7,416","15.0%","3,868","15.3%","3,548","14.6%","74,417","29.7%","37,945","30.3%","36,472","29.1%"
"        18 to 24 years","659,225","8.8%","343,084","9.1%","316,141","8.4%","1,982","10.1%","1,064","10.5%","918","9.5%","1,692","7.5%","833","7.6%","859","7.4%","16,922","8.4%","8,780","8.7%","8,142","8.1%","6,173","8.1%","3,113","8.1%","3,060","8.0%","4,628","6.1%","2,565","6.8%","2,063","5.3%","38,885","8.1%","20,027","8.4%","18,858","7.7%","292","7.3%","176","8.9%","116","5.7%","8,194","7.6%","4,208","7.8%","3,986","7.3%","3,425","8.1%","1,842","8.6%","1,583","7.5%","401","5.2%","204","5.3%","197","5.2%","8,972","9.6%","4,694","9.7%","4,278","9.4%","101","4.5%","71","6.1%","30","2.7%","9,219","9.5%","4,858","9.9%","4,361","9.2%","5,082","6.9%","2,758","7.3%","2,324","6.5%","7,360","8.7%","4,229","10.1%","3,131","7.4%","1,314","4.1%","665","4.3%","649","4.0%","181,043","8.1%","92,168","8.2%","88,875","8.0%","26,088","9.7%","15,660","11.4%","10,428","7.9%","10,234","21.7%","4,778","20.3%","5,456","23.2%","1,349","6.1%","655","5.9%","694","6.4%","5,882","7.4%","3,174","8.0%","2,708","6.8%","685","6.4%","340","6.3%","345","6.5%","4,762","7.3%","2,871","8.5%","1,891","6.0%","2,908","6.9%","1,500","7.1%","1,408","6.8%","1,344","6.1%","779","7.1%","565","5.1%","940","6.9%","525","7.6%","415","6.2%","81,368","9.1%","44,148","9.9%","37,220","8.3%","855","5.0%","432","5.3%","423","4.8%","9,718","7.6%","4,997","7.9%","4,721","7.3%","690","5.8%","377","6.4%","313","5.2%","62,279","7.7%","32,334","7.9%","29,945","7.4%","47,944","9.3%","24,520","9.6%","23,424","9.1%","3,065","6.8%","1,566","7.0%","1,499","6.6%","22,878","8.0%","11,620","8.3%","11,258","7.7%","208","4.8%","107","5.1%","101","4.6%","7,906","13.0%","4,070","13.1%","3,836","12.9%","31,308","13.9%","15,368","13.9%","15,940","14.0%","17,231","34.8%","8,716","34.5%","8,515","35.0%","23,898","9.5%","12,292","9.8%","11,606","9.2%"
"        15 to 44 years","3,080,380","41.0%","1,585,850","42.2%","1,494,530","39.8%","7,753","39.4%","4,069","40.3%","3,684","38.3%","7,486","33.1%","3,753","34.0%","3,733","32.1%","78,410","39.1%","39,959","39.8%","38,451","38.3%","27,561","36.0%","14,131","36.7%","13,430","35.2%","22,924","30.0%","12,047","32.0%","10,877","28.0%","187,880","39.0%","94,432","39.6%","93,448","38.3%","1,062","26.4%","565","28.6%","497","24.2%","38,418","35.4%","19,369","36.0%","19,049","34.9%","15,738","37.0%","8,117","37.9%","7,621","36.1%","2,264","29.6%","1,166","30.3%","1,098","29.0%","40,854","43.6%","21,630","44.8%","19,224","42.3%","744","32.9%","361","31.1%","383","34.9%","38,131","39.5%","19,727","40.2%","18,404","38.7%","25,042","33.9%","13,609","35.9%","11,433","31.9%","29,914","35.5%","16,176","38.5%","13,738","32.6%","7,528","23.7%","3,935","25.3%","3,593","22.1%","995,036","44.7%","513,327","45.9%","481,709","43.5%","106,484","39.6%","58,213","42.3%","48,271","36.7%","22,020","46.8%","11,126","47.3%","10,894","46.3%","7,139","32.4%","3,666","32.8%","3,473","31.9%","27,559","34.7%","14,203","35.7%","13,356","33.7%","3,122","29.1%","1,622","30.1%","1,500","28.1%","21,892","33.5%","12,275","36.2%","9,617","30.6%","13,807","32.8%","7,045","33.1%","6,762","32.5%","6,069","27.4%","3,204","29.1%","2,865","25.7%","3,969","29.2%","2,062","29.8%","1,907","28.6%","372,914","41.8%","191,827","43.1%","181,087","40.5%","4,395","25.9%","2,150","26.2%","2,245","25.7%","45,489","35.7%","23,226","36.8%","22,263","34.6%","3,690","31.0%","1,824","30.9%","1,866","31.1%","329,521","40.6%","169,167","41.6%","160,354","39.6%","207,820","40.5%","106,198","41.7%","101,622","39.3%","13,568","30.0%","6,807","30.2%","6,761","29.8%","113,019","39.7%","56,774","40.7%","56,245","38.7%","999","23.1%","514","24.5%","485","21.9%","24,681","40.6%","13,307","42.8%","11,374","38.3%","96,001","42.8%","48,211","43.5%","47,790","42.0%","30,185","60.9%","15,659","62.0%","14,526","59.7%","99,292","39.6%","50,397","40.3%","48,895","39.0%"
"        16 years and over","6,038,812","80.4%","3,004,662","79.9%","3,034,150","80.8%","13,461","68.3%","6,880","68.2%","6,581","68.4%","18,567","82.0%","9,076","82.3%","9,491","81.7%","153,256","76.4%","76,052","75.7%","77,204","77.0%","60,457","78.9%","30,029","77.9%","30,428","79.9%","65,057","85.1%","31,897","84.8%","33,160","85.3%","380,197","78.9%","185,814","78.0%","194,383","79.7%","3,376","83.9%","1,655","83.8%","1,721","84.0%","86,520","79.8%","42,552","79.0%","43,968","80.6%","32,767","77.1%","16,246","75.8%","16,521","78.4%","6,568","85.9%","3,263","84.7%","3,305","87.2%","66,752","71.3%","34,828","72.2%","31,924","70.3%","1,885","83.5%","951","81.9%","934","85.1%","70,801","73.3%","35,784","73.0%","35,017","73.5%","60,437","81.9%","31,120","82.2%","29,317","81.7%","70,613","83.9%","35,276","84.0%","35,337","83.7%","28,456","89.4%","13,932","89.6%","14,524","89.3%","1,822,650","81.9%","911,739","81.6%","910,911","82.2%","220,169","81.9%","112,493","81.8%","107,676","82.0%","40,099","85.1%","19,917","84.6%","20,182","85.7%","18,364","83.3%","9,273","83.0%","9,091","83.5%","64,640","81.4%","32,091","80.7%","32,549","82.1%","8,754","81.6%","4,409","81.9%","4,345","81.3%","54,241","83.0%","28,197","83.1%","26,044","83.0%","33,401","79.4%","16,761","78.8%","16,640","80.0%","19,084","86.3%","9,366","85.2%","9,718","87.3%","11,358","83.6%","5,750","83.0%","5,608","84.2%","704,871","79.0%","349,239","78.5%","355,632","79.6%","15,015","88.6%","7,247","88.2%","7,768","88.9%","103,012","80.8%","50,664","80.3%","52,348","81.3%","9,987","83.9%","4,950","83.8%","5,037","83.9%","648,845","79.9%","323,755","79.6%","325,090","80.3%","411,995","80.2%","202,563","79.5%","209,432","81.0%","36,681","81.1%","18,054","80.2%","18,627","82.0%","230,982","81.1%","111,782","80.2%","119,200","82.0%","3,624","83.9%","1,756","83.7%","1,868","84.2%","49,315","81.1%","25,183","80.9%","24,132","81.4%","185,729","82.7%","91,096","82.2%","94,633","83.2%","42,903","86.5%","21,690","85.9%","21,213","87.2%","183,923","73.4%","91,332","73.0%","92,591","73.8%"
"        18 years and over","5,858,996","78.0%","2,913,529","77.5%","2,945,467","78.5%","12,759","64.8%","6,505","64.5%","6,254","65.0%","18,017","79.6%","8,768","79.5%","9,249","79.7%","147,327","73.4%","72,980","72.7%","74,347","74.1%","58,649","76.5%","29,090","75.5%","29,559","77.6%","63,512","83.0%","31,010","82.4%","32,502","83.7%","366,590","76.1%","179,300","75.3%","187,290","76.8%","3,333","82.8%","1,642","83.2%","1,691","82.5%","83,724","77.2%","41,201","76.5%","42,523","78.0%","31,556","74.2%","15,800","73.7%","15,756","74.7%","6,403","83.8%","3,180","82.6%","3,223","85.0%","63,251","67.5%","33,138","68.7%","30,113","66.3%","1,806","80.0%","924","79.6%","882","80.4%","68,128","70.5%","34,597","70.6%","33,531","70.4%","58,812","79.7%","30,275","79.9%","28,537","79.5%","68,912","81.9%","34,330","81.8%","34,582","82.0%","27,997","88.0%","13,679","87.9%","14,318","88.0%","1,775,822","79.8%","888,480","79.5%","887,342","80.1%","214,142","79.6%","109,484","79.6%","104,658","79.7%","39,127","83.1%","19,366","82.2%","19,761","83.9%","17,805","80.7%","8,999","80.5%","8,806","80.9%","62,306","78.4%","30,934","77.8%","31,372","79.1%","8,446","78.7%","4,217","78.3%","4,229","79.1%","52,713","80.7%","27,374","80.7%","25,339","80.7%","32,403","77.0%","16,242","76.4%","16,161","77.7%","18,638","84.3%","9,122","83.0%","9,516","85.5%","11,011","81.0%","5,622","81.2%","5,389","80.9%","683,286","76.6%","338,282","76.0%","345,004","77.2%","14,749","87.0%","7,112","86.6%","7,637","87.4%","99,700","78.2%","48,914","77.6%","50,786","78.9%","9,683","81.3%","4,777","80.9%","4,906","81.8%","628,055","77.4%","312,844","76.9%","315,211","77.9%","400,093","77.9%","196,570","77.1%","203,523","78.7%","35,573","78.6%","17,475","77.6%","18,098","79.7%","223,715","78.6%","107,904","77.4%","115,811","79.7%","3,564","82.5%","1,737","82.8%","1,827","82.3%","47,954","78.9%","24,454","78.6%","23,500","79.2%","181,042","80.6%","88,614","79.9%","92,428","81.3%","42,161","85.0%","21,387","84.7%","20,774","85.4%","176,232","70.3%","87,200","69.7%","89,032","70.9%"
"        21 years and over","5,588,865","74.4%","2,774,025","73.8%","2,814,840","75.0%","11,865","60.2%","5,966","59.1%","5,899","61.4%","17,337","76.6%","8,392","76.1%","8,945","77.0%","140,483","70.0%","69,232","68.9%","71,251","71.0%","55,967","73.0%","27,653","71.7%","28,314","74.3%","61,554","80.5%","29,904","79.5%","31,650","81.5%","350,323","72.7%","170,971","71.8%","179,352","73.6%","3,265","81.1%","1,594","80.7%","1,671","81.5%","80,272","74.1%","39,453","73.3%","40,819","74.8%","29,950","70.4%","14,992","69.9%","14,958","70.9%","6,225","81.4%","3,058","79.4%","3,167","83.5%","59,351","63.4%","31,085","64.4%","28,266","62.2%","1,733","76.7%","873","75.2%","860","78.4%","64,089","66.3%","32,558","66.4%","31,531","66.2%","56,684","76.8%","29,141","76.9%","27,543","76.7%","66,801","79.3%","33,149","78.9%","33,652","79.7%","27,540","86.5%","13,478","86.6%","14,062","86.4%","1,704,434","76.6%","852,499","76.3%","851,935","76.9%","204,939","76.2%","104,050","75.6%","100,889","76.8%","33,675","71.5%","16,971","72.1%","16,704","70.9%","17,280","78.3%","8,754","78.3%","8,526","78.3%","59,930","75.5%","29,675","74.6%","30,255","76.3%","8,130","75.8%","4,053","75.3%","4,077","76.2%","50,750","77.7%","26,121","77.0%","24,629","78.5%","31,259","74.3%","15,655","73.6%","15,604","75.0%","18,003","81.4%","8,688","79.0%","9,315","83.7%","10,653","78.4%","5,420","78.3%","5,233","78.5%","651,211","73.0%","320,997","72.1%","330,214","73.9%","14,327","84.5%","6,908","84.1%","7,419","84.9%","95,639","75.0%","46,887","74.3%","48,752","75.7%","9,399","78.9%","4,588","77.7%","4,811","80.2%","603,443","74.4%","299,979","73.7%","303,464","75.0%","379,327","73.9%","186,158","73.1%","193,169","74.7%","34,336","75.9%","16,852","74.8%","17,484","77.0%","214,485","75.3%","103,293","74.1%","111,192","76.5%","3,465","80.2%","1,664","79.3%","1,801","81.2%","43,940","72.3%","22,415","72.0%","21,525","72.6%","168,157","74.9%","82,184","74.1%","85,973","75.6%","32,714","66.0%","16,940","67.1%","15,774","64.9%","165,930","66.2%","81,775","65.3%","84,155","67.1%"
"        60 years and over","1,634,966","21.8%","759,133","20.2%","875,833","23.3%","3,168","16.1%","1,435","14.2%","1,733","18.0%","7,295","32.2%","3,524","32.0%","3,771","32.5%","42,182","21.0%","19,810","19.7%","22,372","22.3%","20,057","26.2%","9,473","24.6%","10,584","27.8%","29,473","38.5%","13,547","36.0%","15,926","41.0%","104,517","21.7%","48,376","20.3%","56,141","23.0%","1,479","36.8%","676","34.2%","803","39.2%","28,621","26.4%","13,471","25.0%","15,150","27.8%","10,027","23.6%","4,867","22.7%","5,160","24.5%","2,848","37.3%","1,444","37.5%","1,404","37.0%","13,199","14.1%","6,623","13.7%","6,576","14.5%","849","37.6%","466","40.1%","383","34.9%","18,610","19.3%","9,120","18.6%","9,490","19.9%","22,247","30.2%","10,758","28.4%","11,489","32.0%","27,422","32.6%","12,691","30.2%","14,731","34.9%","15,163","47.6%","7,260","46.7%","7,903","48.6%","418,498","18.8%","192,251","17.2%","226,247","20.4%","66,075","24.6%","30,686","22.3%","35,389","26.9%","10,704","22.7%","5,204","22.1%","5,500","23.4%","7,096","32.2%","3,480","31.1%","3,616","33.2%","22,741","28.6%","10,775","27.1%","11,966","30.2%","3,646","34.0%","1,775","33.0%","1,871","35.0%","20,399","31.2%","9,723","28.6%","10,676","34.0%","12,634","30.0%","6,293","29.6%","6,341","30.5%","9,048","40.9%","4,320","39.3%","4,728","42.5%","4,995","36.8%","2,440","35.2%","2,555","38.4%","177,115","19.9%","81,151","18.2%","95,964","21.5%","7,435","43.9%","3,608","43.9%","3,827","43.8%","35,489","27.8%","16,586","26.3%","18,903","29.4%","3,597","30.2%","1,799","30.5%","1,798","30.0%","162,793","20.1%","74,798","18.4%","87,995","21.7%","117,345","22.9%","54,300","21.3%","63,045","24.4%","14,674","32.4%","7,168","31.8%","7,506","33.1%","68,285","24.0%","30,631","22.0%","37,654","25.9%","1,963","45.5%","959","45.7%","1,004","45.2%","14,969","24.6%","6,858","22.0%","8,111","27.3%","53,412","23.8%","24,852","22.4%","28,560","25.1%","7,340","14.8%","3,455","13.7%","3,885","16.0%","47,556","19.0%","22,480","18.0%","25,076","20.0%"
"        62 years and over","1,440,814","19.2%","664,938","17.7%","775,876","20.7%","2,685","13.6%","1,333","13.2%","1,352","14.1%","6,378","28.2%","3,055","27.7%","3,323","28.6%","37,123","18.5%","17,545","17.5%","19,578","19.5%","18,004","23.5%","8,514","22.1%","9,490","24.9%","26,827","35.1%","12,306","32.7%","14,521","37.4%","91,702","19.0%","42,088","17.7%","49,614","20.4%","1,373","34.1%","620","31.4%","753","36.7%","25,657","23.7%","12,311","22.9%","13,346","24.5%","9,046","21.3%","4,259","19.9%","4,787","22.7%","2,504","32.8%","1,300","33.8%","1,204","31.8%","11,356","12.1%","5,690","11.8%","5,666","12.5%","755","33.4%","411","35.4%","344","31.4%","16,847","17.4%","8,366","17.1%","8,481","17.8%","19,788","26.8%","9,402","24.8%","10,386","28.9%","24,833","29.5%","11,678","27.8%","13,155","31.2%","13,982","43.9%","6,727","43.2%","7,255","44.6%","366,586","16.5%","166,485","14.9%","200,101","18.1%","59,284","22.0%","27,300","19.8%","31,984","24.3%","9,576","20.3%","4,650","19.7%","4,926","20.9%","6,416","29.1%","3,113","27.9%","3,303","30.4%","20,321","25.6%","9,815","24.7%","10,506","26.5%","3,257","30.3%","1,568","29.1%","1,689","31.6%","18,008","27.6%","8,578","25.3%","9,430","30.0%","11,304","26.9%","5,557","26.1%","5,747","27.6%","8,346","37.7%","3,922","35.7%","4,424","39.8%","4,506","33.2%","2,185","31.5%","2,321","34.8%","154,646","17.3%","69,835","15.7%","84,811","19.0%","6,764","39.9%","3,314","40.4%","3,450","39.5%","31,903","25.0%","14,659","23.2%","17,244","26.8%","3,263","27.4%","1,610","27.3%","1,653","27.5%","140,189","17.3%","64,100","15.8%","76,089","18.8%","103,160","20.1%","47,383","18.6%","55,777","21.6%","12,782","28.3%","6,229","27.7%","6,553","28.9%","60,508","21.3%","27,019","19.4%","33,489","23.0%","1,657","38.4%","843","40.2%","814","36.7%","13,336","21.9%","6,047","19.4%","7,289","24.6%","47,036","20.9%","21,925","19.8%","25,111","22.1%","6,447","13.0%","3,021","12.0%","3,426","14.1%","42,659","17.0%","20,175","16.1%","22,484","17.9%"
"        65 years and over","1,160,604","15.4%","529,372","14.1%","631,232","16.8%","2,194","11.1%","1,050","10.4%","1,144","11.9%","5,276","23.3%","2,498","22.7%","2,778","23.9%","29,916","14.9%","13,876","13.8%","16,040","16.0%","14,667","19.1%","6,987","18.1%","7,680","20.2%","22,592","29.5%","10,484","27.9%","12,108","31.2%","74,453","15.4%","33,837","14.2%","40,616","16.7%","1,157","28.8%","544","27.6%","613","29.9%","20,636","19.0%","9,637","17.9%","10,999","20.2%","7,453","17.5%","3,464","16.2%","3,989","18.9%","2,095","27.4%","1,059","27.5%","1,036","27.3%","8,925","9.5%","4,425","9.2%","4,500","9.9%","596","26.4%","309","26.6%","287","26.2%","13,428","13.9%","6,406","13.1%","7,022","14.7%","15,990","21.7%","7,601","20.1%","8,389","23.4%","20,675","24.6%","9,714","23.1%","10,961","26.0%","11,599","36.4%","5,606","36.0%","5,993","36.8%","293,222","13.2%","130,418","11.7%","162,804","14.7%","48,063","17.9%","22,210","16.1%","25,853","19.7%","7,533","16.0%","3,607","15.3%","3,926","16.7%","5,217","23.7%","2,635","23.6%","2,582","23.7%","16,704","21.0%","8,016","20.2%","8,688","21.9%","2,756","25.7%","1,363","25.3%","1,393","26.1%","14,983","22.9%","7,183","21.2%","7,800","24.9%","9,200","21.9%","4,578","21.5%","4,622","22.2%","6,958","31.5%","3,336","30.3%","3,622","32.6%","3,574","26.3%","1,817","26.2%","1,757","26.4%","122,692","13.8%","54,710","12.3%","67,982","15.2%","5,682","33.5%","2,778","33.8%","2,904","33.2%","26,499","20.8%","12,340","19.6%","14,159","22.0%","2,450","20.6%","1,245","21.1%","1,205","20.1%","109,410","13.5%","48,914","12.0%","60,496","14.9%","83,105","16.2%","37,552","14.7%","45,553","17.6%","10,555","23.3%","5,146","22.8%","5,409","23.8%","49,113","17.3%","21,943","15.7%","27,170","18.7%","1,408","32.6%","726","34.6%","682","30.7%","11,020","18.1%","4,979","16.0%","6,041","20.4%","38,939","17.3%","17,961","16.2%","20,978","18.5%","5,301","10.7%","2,498","9.9%","2,803","11.5%","34,568","13.8%","15,920","12.7%","18,648","14.9%"
"        75 years and over","453,511","6.0%","193,786","5.2%","259,725","6.9%","849","4.3%","382","3.8%","467","4.9%","2,310","10.2%","1,062","9.6%","1,248","10.7%","11,726","5.8%","4,913","4.9%","6,813","6.8%","6,147","8.0%","2,798","7.3%","3,349","8.8%","9,321","12.2%","4,298","11.4%","5,023","12.9%","27,830","5.8%","12,026","5.0%","15,804","6.5%","496","12.3%","242","12.3%","254","12.4%","8,207","7.6%","3,655","6.8%","4,552","8.3%","3,147","7.4%","1,430","6.7%","1,717","8.1%","719","9.4%","353","9.2%","366","9.7%","3,284","3.5%","1,485","3.1%","1,799","4.0%","229","10.1%","127","10.9%","102","9.3%","5,328","5.5%","2,406","4.9%","2,922","6.1%","6,018","8.2%","2,760","7.3%","3,258","9.1%","7,950","9.4%","3,660","8.7%","4,290","10.2%","4,292","13.5%","2,078","13.4%","2,214","13.6%","117,288","5.3%","48,059","4.3%","69,229","6.3%","17,984","6.7%","7,877","5.7%","10,107","7.7%","2,964","6.3%","1,369","5.8%","1,595","6.8%","1,904","8.6%","911","8.2%","993","9.1%","6,664","8.4%","2,986","7.5%","3,678","9.3%","1,143","10.7%","531","9.9%","612","11.4%","5,611","8.6%","2,612","7.7%","2,999","9.6%","3,460","8.2%","1,639","7.7%","1,821","8.8%","2,517","11.4%","1,224","11.1%","1,293","11.6%","1,229","9.0%","567","8.2%","662","9.9%","47,930","5.4%","19,694","4.4%","28,236","6.3%","2,029","12.0%","1,010","12.3%","1,019","11.7%","10,644","8.4%","4,778","7.6%","5,866","9.1%","880","7.4%","431","7.3%","449","7.5%","41,124","5.1%","16,936","4.2%","24,188","6.0%","32,824","6.4%","13,755","5.4%","19,069","7.4%","3,919","8.7%","1,834","8.1%","2,085","9.2%","18,455","6.5%","7,788","5.6%","10,667","7.3%","549","12.7%","266","12.7%","283","12.8%","4,857","8.0%","1,975","6.3%","2,882","9.7%","15,145","6.7%","6,686","6.0%","8,459","7.4%","2,186","4.4%","990","3.9%","1,196","4.9%","14,352","5.7%","6,193","4.9%","8,159","6.5%"
"    SUMMARY INDICATORS","","","","","","","","","","","","","","","","","","","","","","","","","","","","","","","","","","","","","","","","","","","","","","","","","","","","","","","","","","","","","","","","","","","","","","","","","","","","","","","","","","","","","","","","","","","","","","","","","","","","","","","","","","","","","","","","","","","","","","","","","","","","","","","","","","","","","","","","","","","","","","","","","","","","","","","","","","","","","","","","","","","","","","","","","","","","","","","","","","","","","","","","","","","","","","","","","","","","","","","","","","","","","","","","","","","","","","","","","","","","","","","","","","","","","","","","","","","","","","","",""
"        Median age (years)","37.8","(X)","36.7","(X)","38.8","(X)","28.0","(X)","27.2","(X)","29.0","(X)","44.9","(X)","44.0","(X)","45.7","(X)","36.0","(X)","35.1","(X)","36.8","(X)","40.5","(X)","39.2","(X)","41.2","(X)","50.9","(X)","48.9","(X)","53.1","(X)","38.6","(X)","37.5","(X)","39.5","(X)","49.0","(X)","48.6","(X)","50.5","(X)","41.0","(X)","39.8","(X)","42.4","(X)","37.8","(X)","36.0","(X)","39.5","(X)","52.1","(X)","49.7","(X)","53.4","(X)","30.4","(X)","30.9","(X)","29.9","(X)","49.7","(X)","51.3","(X)","49.4","(X)","33.2","(X)","32.8","(X)","33.6","(X)","44.3","(X)","42.6","(X)","45.8","(X)","44.1","(X)","41.4","(X)","46.9","(X)","59.0","(X)","58.6","(X)","59.3","(X)","37.0","(X)","36.2","(X)","37.8","(X)","39.2","(X)","37.0","(X)","41.5","(X)","33.7","(X)","32.7","(X)","35.0","(X)","46.8","(X)","45.9","(X)","47.4","(X)","42.9","(X)","41.5","(X)","44.3","(X)","48.5","(X)","47.1","(X)","49.4","(X)","45.3","(X)","42.8","(X)","47.9","(X)","43.0","(X)","42.6","(X)","43.8","(X)","54.4","(X)","53.0","(X)","55.4","(X)","50.8","(X)","50.1","(X)","51.3","(X)","36.2","(X)","35.0","(X)","37.5","(X)","56.7","(X)","56.4","(X)","56.8","(X)","41.6","(X)","40.3","(X)","43.2","(X)","47.0","(X)","47.4","(X)","46.6","(X)","38.0","(X)","37.3","(X)","38.9","(X)","37.8","(X)","36.6","(X)","39.0","(X)","47.0","(X)","46.1","(X)","48.2","(X)","39.1","(X)","37.7","(X)","40.8","(X)","55.7","(X)","55.6","(X)","55.7","(X)","37.5","(X)","35.9","(X)","39.2","(X)","37.5","(X)","36.5","(X)","38.3","(X)","25.2","(X)","25.1","(X)","25.2","(X)","32.9","(X)","31.9","(X)","33.8","(X)"
"        Sex ratio (males per 100 females)","100.1","(X)","(X)","(X)","(X)","(X)","104.9","(X)","(X)","(X)","(X)","(X)","94.9","(X)","(X)","(X)","(X)","(X)","100.1","(X)","(X)","(X)","(X)","(X)","101.2","(X)","(X)","(X)","(X)","(X)","96.8","(X)","(X)","(X)","(X)","(X)","97.7","(X)","(X)","(X)","(X)","(X)","96.3","(X)","(X)","(X)","(X)","(X)","98.7","(X)","(X)","(X)","(X)","(X)","101.7","(X)","(X)","(X)","(X)","(X)","101.6","(X)","(X)","(X)","(X)","(X)","106.2","(X)","(X)","(X)","(X)","(X)","105.8","(X)","(X)","(X)","(X)","(X)","103.0","(X)","(X)","(X)","(X)","(X)","105.5","(X)","(X)","(X)","(X)","(X)","99.5","(X)","(X)","(X)","(X)","(X)","95.6","(X)","(X)","(X)","(X)","(X)","100.9","(X)","(X)","(X)","(X)","(X)","104.7","(X)","(X)","(X)","(X)","(X)","100.0","(X)","(X)","(X)","(X)","(X)","102.7","(X)","(X)","(X)","(X)","(X)","100.2","(X)","(X)","(X)","(X)","(X)","100.7","(X)","(X)","(X)","(X)","(X)","108.1","(X)","(X)","(X)","(X)","(X)","102.2","(X)","(X)","(X)","(X)","(X)","98.8","(X)","(X)","(X)","(X)","(X)","104.0","(X)","(X)","(X)","(X)","(X)","99.6","(X)","(X)","(X)","(X)","(X)","94.0","(X)","(X)","(X)","(X)","(X)","98.0","(X)","(X)","(X)","(X)","(X)","98.4","(X)","(X)","(X)","(X)","(X)","100.5","(X)","(X)","(X)","(X)","(X)","98.5","(X)","(X)","(X)","(X)","(X)","99.2","(X)","(X)","(X)","(X)","(X)","95.8","(X)","(X)","(X)","(X)","(X)","94.6","(X)","(X)","(X)","(X)","(X)","104.9","(X)","(X)","(X)","(X)","(X)","97.5","(X)","(X)","(X)","(X)","(X)","103.8","(X)","(X)","(X)","(X)","(X)","99.7","(X)","(X)","(X)","(X)","(X)"
"        Age dependency ratio","59.9","(X)","(X)","(X)","(X)","(X)","86.5","(X)","(X)","(X)","(X)","(X)","77.7","(X)","(X)","(X)","(X)","(X)","71.0","(X)","(X)","(X)","(X)","(X)","74.3","(X)","(X)","(X)","(X)","(X)","86.9","(X)","(X)","(X)","(X)","(X)","65.0","(X)","(X)","(X)","(X)","(X)","84.9","(X)","(X)","(X)","(X)","(X)","71.8","(X)","(X)","(X)","(X)","(X)","76.4","(X)","(X)","(X)","(X)","(X)","77.4","(X)","(X)","(X)","(X)","(X)","72.4","(X)","(X)","(X)","(X)","(X)","86.6","(X)","(X)","(X)","(X)","(X)","76.7","(X)","(X)","(X)","(X)","(X)","72.3","(X)","(X)","(X)","(X)","(X)","74.5","(X)","(X)","(X)","(X)","(X)","94.1","(X)","(X)","(X)","(X)","(X)","50.1","(X)","(X)","(X)","(X)","(X)","61.9","(X)","(X)","(X)","(X)","(X)","49.1","(X)","(X)","(X)","(X)","(X)","75.2","(X)","(X)","(X)","(X)","(X)","74.2","(X)","(X)","(X)","(X)","(X)","88.6","(X)","(X)","(X)","(X)","(X)","73.1","(X)","(X)","(X)","(X)","(X)","81.4","(X)","(X)","(X)","(X)","(X)","89.4","(X)","(X)","(X)","(X)","(X)","82.7","(X)","(X)","(X)","(X)","(X)","59.1","(X)","(X)","(X)","(X)","(X)","87.0","(X)","(X)","(X)","(X)","(X)","74.1","(X)","(X)","(X)","(X)","(X)","64.6","(X)","(X)","(X)","(X)","(X)","56.5","(X)","(X)","(X)","(X)","(X)","62.0","(X)","(X)","(X)","(X)","(X)","80.8","(X)","(X)","(X)","(X)","(X)","63.1","(X)","(X)","(X)","(X)","(X)","100.3","(X)","(X)","(X)","(X)","(X)","64.6","(X)","(X)","(X)","(X)","(X)","58.0","(X)","(X)","(X)","(X)","(X)","34.5","(X)","(X)","(X)","(X)","(X)","76.9","(X)","(X)","(X)","(X)","(X)"
"        Old-age dependency ratio","24.7","(X)","(X)","(X)","(X)","(X)","20.8","(X)","(X)","(X)","(X)","(X)","41.4","(X)","(X)","(X)","(X)","(X)","25.5","(X)","(X)","(X)","(X)","(X)","33.3","(X)","(X)","(X)","(X)","(X)","55.2","(X)","(X)","(X)","(X)","(X)","25.5","(X)","(X)","(X)","(X)","(X)","53.2","(X)","(X)","(X)","(X)","(X)","32.7","(X)","(X)","(X)","(X)","(X)","30.9","(X)","(X)","(X)","(X)","(X)","48.6","(X)","(X)","(X)","(X)","(X)","16.4","(X)","(X)","(X)","(X)","(X)","49.3","(X)","(X)","(X)","(X)","(X)","24.5","(X)","(X)","(X)","(X)","(X)","37.3","(X)","(X)","(X)","(X)","(X)","42.9","(X)","(X)","(X)","(X)","(X)","70.7","(X)","(X)","(X)","(X)","(X)","19.8","(X)","(X)","(X)","(X)","(X)","28.9","(X)","(X)","(X)","(X)","(X)","23.8","(X)","(X)","(X)","(X)","(X)","41.4","(X)","(X)","(X)","(X)","(X)","36.6","(X)","(X)","(X)","(X)","(X)","48.4","(X)","(X)","(X)","(X)","(X)","39.7","(X)","(X)","(X)","(X)","(X)","39.7","(X)","(X)","(X)","(X)","(X)","59.6","(X)","(X)","(X)","(X)","(X)","48.1","(X)","(X)","(X)","(X)","(X)","21.9","(X)","(X)","(X)","(X)","(X)","62.7","(X)","(X)","(X)","(X)","(X)","36.2","(X)","(X)","(X)","(X)","(X)","33.9","(X)","(X)","(X)","(X)","(X)","21.1","(X)","(X)","(X)","(X)","(X)","26.2","(X)","(X)","(X)","(X)","(X)","42.2","(X)","(X)","(X)","(X)","(X)","28.1","(X)","(X)","(X)","(X)","(X)","65.3","(X)","(X)","(X)","(X)","(X)","29.8","(X)","(X)","(X)","(X)","(X)","27.4","(X)","(X)","(X)","(X)","(X)","14.4","(X)","(X)","(X)","(X)","(X)","24.4","(X)","(X)","(X)","(X)","(X)"
"        Child dependency ratio","35.2","(X)","(X)","(X)","(X)","(X)","65.7","(X)","(X)","(X)","(X)","(X)","36.3","(X)","(X)","(X)","(X)","(X)","45.5","(X)","(X)","(X)","(X)","(X)","40.9","(X)","(X)","(X)","(X)","(X)","31.7","(X)","(X)","(X)","(X)","(X)","39.5","(X)","(X)","(X)","(X)","(X)","31.8","(X)","(X)","(X)","(X)","(X)","39.1","(X)","(X)","(X)","(X)","(X)","45.5","(X)","(X)","(X)","(X)","(X)","28.8","(X)","(X)","(X)","(X)","(X)","56.0","(X)","(X)","(X)","(X)","(X)","37.4","(X)","(X)","(X)","(X)","(X)","52.1","(X)","(X)","(X)","(X)","(X)","34.9","(X)","(X)","(X)","(X)","(X)","31.7","(X)","(X)","(X)","(X)","(X)","23.3","(X)","(X)","(X)","(X)","(X)","30.3","(X)","(X)","(X)","(X)","(X)","33.0","(X)","(X)","(X)","(X)","(X)","25.2","(X)","(X)","(X)","(X)","(X)","33.8","(X)","(X)","(X)","(X)","(X)","37.6","(X)","(X)","(X)","(X)","(X)","40.2","(X)","(X)","(X)","(X)","(X)","33.4","(X)","(X)","(X)","(X)","(X)","41.7","(X)","(X)","(X)","(X)","(X)","29.8","(X)","(X)","(X)","(X)","(X)","34.7","(X)","(X)","(X)","(X)","(X)","37.2","(X)","(X)","(X)","(X)","(X)","24.3","(X)","(X)","(X)","(X)","(X)","37.9","(X)","(X)","(X)","(X)","(X)","30.7","(X)","(X)","(X)","(X)","(X)","35.4","(X)","(X)","(X)","(X)","(X)","35.7","(X)","(X)","(X)","(X)","(X)","38.6","(X)","(X)","(X)","(X)","(X)","34.9","(X)","(X)","(X)","(X)","(X)","35.0","(X)","(X)","(X)","(X)","(X)","34.7","(X)","(X)","(X)","(X)","(X)","30.6","(X)","(X)","(X)","(X)","(X)","20.1","(X)","(X)","(X)","(X)","(X)","52.5","(X)","(X)","(X)","(X)","(X)"
"    PERCENT ALLOCATED","","","","","","","","","","","","","","","","","","","","","","","","","","","","","","","","","","","","","","","","","","","","","","","","","","","","","","","","","","","","","","","","","","","","","","","","","","","","","","","","","","","","","","","","","","","","","","","","","","","","","","","","","","","","","","","","","","","","","","","","","","","","","","","","","","","","","","","","","","","","","","","","","","","","","","","","","","","","","","","","","","","","","","","","","","","","","","","","","","","","","","","","","","","","","","","","","","","","","","","","","","","","","","","","","","","","","","","","","","","","","","","","","","","","","","","","","","","","","","","",""
"        Sex","(X)","0.1%","(X)","(X)","(X)","(X)","(X)","0.0%","(X)","(X)","(X)","(X)","(X)","0.0%","(X)","(X)","(X)","(X)","(X)","0.0%","(X)","(X)","(X)","(X)","(X)","0.1%","(X)","(X)","(X)","(X)","(X)","0.2%","(X)","(X)","(X)","(X)","(X)","0.1%","(X)","(X)","(X)","(X)","(X)","0.0%","(X)","(X)","(X)","(X)","(X)","0.0%","(X)","(X)","(X)","(X)","(X)","0.0%","(X)","(X)","(X)","(X)","(X)","0.0%","(X)","(X)","(X)","(X)","(X)","0.1%","(X)","(X)","(X)","(X)","(X)","0.0%","(X)","(X)","(X)","(X)","(X)","0.0%","(X)","(X)","(X)","(X)","(X)","0.1%","(X)","(X)","(X)","(X)","(X)","0.1%","(X)","(X)","(X)","(X)","(X)","0.1%","(X)","(X)","(X)","(X)","(X)","0.1%","(X)","(X)","(X)","(X)","(X)","0.0%","(X)","(X)","(X)","(X)","(X)","0.1%","(X)","(X)","(X)","(X)","(X)","0.0%","(X)","(X)","(X)","(X)","(X)","0.1%","(X)","(X)","(X)","(X)","(X)","0.0%","(X)","(X)","(X)","(X)","(X)","0.0%","(X)","(X)","(X)","(X)","(X)","0.1%","(X)","(X)","(X)","(X)","(X)","0.0%","(X)","(X)","(X)","(X)","(X)","0.1%","(X)","(X)","(X)","(X)","(X)","0.1%","(X)","(X)","(X)","(X)","(X)","0.1%","(X)","(X)","(X)","(X)","(X)","0.1%","(X)","(X)","(X)","(X)","(X)","0.1%","(X)","(X)","(X)","(X)","(X)","0.1%","(X)","(X)","(X)","(X)","(X)","0.1%","(X)","(X)","(X)","(X)","(X)","0.1%","(X)","(X)","(X)","(X)","(X)","0.1%","(X)","(X)","(X)","(X)","(X)","0.0%","(X)","(X)","(X)","(X)","(X)","0.0%","(X)","(X)","(X)","(X)","(X)","0.0%","(X)","(X)","(X)","(X)","(X)","0.0%","(X)","(X)","(X)","(X)","(X)","0.2%","(X)","(X)","(X)","(X)"
"        Age","(X)","1.3%","(X)","(X)","(X)","(X)","(X)","2.1%","(X)","(X)","(X)","(X)","(X)","1.2%","(X)","(X)","(X)","(X)","(X)","0.9%","(X)","(X)","(X)","(X)","(X)","1.1%","(X)","(X)","(X)","(X)","(X)","2.2%","(X)","(X)","(X)","(X)","(X)","1.1%","(X)","(X)","(X)","(X)","(X)","0.1%","(X)","(X)","(X)","(X)","(X)","0.7%","(X)","(X)","(X)","(X)","(X)","0.7%","(X)","(X)","(X)","(X)","(X)","1.5%","(X)","(X)","(X)","(X)","(X)","1.5%","(X)","(X)","(X)","(X)","(X)","0.2%","(X)","(X)","(X)","(X)","(X)","1.4%","(X)","(X)","(X)","(X)","(X)","1.3%","(X)","(X)","(X)","(X)","(X)","0.9%","(X)","(X)","(X)","(X)","(X)","1.4%","(X)","(X)","(X)","(X)","(X)","1.3%","(X)","(X)","(X)","(X)","(X)","1.3%","(X)","(X)","(X)","(X)","(X)","1.2%","(X)","(X)","(X)","(X)","(X)","1.4%","(X)","(X)","(X)","(X)","(X)","1.4%","(X)","(X)","(X)","(X)","(X)","2.8%","(X)","(X)","(X)","(X)","(X)","2.1%","(X)","(X)","(X)","(X)","(X)","1.6%","(X)","(X)","(X)","(X)","(X)","1.4%","(X)","(X)","(X)","(X)","(X)","2.8%","(X)","(X)","(X)","(X)","(X)","1.2%","(X)","(X)","(X)","(X)","(X)","1.2%","(X)","(X)","(X)","(X)","(X)","1.0%","(X)","(X)","(X)","(X)","(X)","4.4%","(X)","(X)","(X)","(X)","(X)","1.2%","(X)","(X)","(X)","(X)","(X)","1.6%","(X)","(X)","(X)","(X)","(X)","1.8%","(X)","(X)","(X)","(X)","(X)","1.2%","(X)","(X)","(X)","(X)","(X)","5.7%","(X)","(X)","(X)","(X)","(X)","0.9%","(X)","(X)","(X)","(X)","(X)","1.5%","(X)","(X)","(X)","(X)","(X)","1.3%","(X)","(X)","(X)","(X)","(X)","1.4%","(X)","(X)","(X)","(X)"